data/leaf_n10_experiment1/leaf_n10_reticulation_r5/10_0.15_219_binary_adj.csv,28,32,5,5,1,14;5
data/leaf_n10_experiment1/leaf_n10_reticulation_r5/10_0.15_217_binary_adj.csv,28,32,5,5,1,15;5
data/leaf_n10_experiment1/leaf_n10_reticulation_r5/10_0.15_220_binary_adj.csv,28,32,5,5,1,16;5
data/leaf_n10_experiment1/leaf_n10_reticulation_r5/10_0.15_218_binary_adj.csv,28,32,5,5,1,15;5
data/leaf_n10_experiment1/leaf_n10_reticulation_r5/10_0.15_216_binary_adj.csv,28,32,5,5,1,16;5
data/leaf_n10_experiment1/leaf_n10_reticulation_r3/10_0.15_207_binary_adj.csv,24,26,3,3,1,10;3
data/leaf_n10_experiment1/leaf_n10_reticulation_r3/10_0.15_208_binary_adj.csv,24,26,3,3,1,11;3
data/leaf_n10_experiment1/leaf_n10_reticulation_r3/10_0.15_209_binary_adj.csv,24,26,3,1,3,4;1|3;1|3;1
data/leaf_n10_experiment1/leaf_n10_reticulation_r3/10_0.15_206_binary_adj.csv,24,26,3,3,1,8;3
data/leaf_n10_experiment1/leaf_n10_reticulation_r3/10_0.15_210_binary_adj.csv,24,26,3,3,1,13;3
data/leaf_n10_experiment1/leaf_n10_reticulation_r4/10_0.15_213_binary_adj.csv,26,29,4,4,1,12;4
data/leaf_n10_experiment1/leaf_n10_reticulation_r4/10_0.15_212_binary_adj.csv,26,29,4,4,1,15;4
data/leaf_n10_experiment1/leaf_n10_reticulation_r4/10_0.15_215_binary_adj.csv,26,29,4,4,1,12;4
data/leaf_n10_experiment1/leaf_n10_reticulation_r4/10_0.15_214_binary_adj.csv,26,29,4,4,1,13;4
data/leaf_n10_experiment1/leaf_n10_reticulation_r4/10_0.15_211_binary_adj.csv,26,29,4,4,1,14;4
data/leaf_n10_experiment1/leaf_n10_reticulation_r2/10_0.15_204_binary_adj.csv,22,23,2,1,2,5;1|4;1
data/leaf_n10_experiment1/leaf_n10_reticulation_r2/10_0.15_201_binary_adj.csv,22,23,2,2,1,7;2
data/leaf_n10_experiment1/leaf_n10_reticulation_r2/10_0.15_205_binary_adj.csv,22,23,2,2,1,10;2
data/leaf_n10_experiment1/leaf_n10_reticulation_r2/10_0.15_202_binary_adj.csv,22,23,2,1,2,4;1|6;1
data/leaf_n10_experiment1/leaf_n10_reticulation_r2/10_0.15_203_binary_adj.csv,22,23,2,2,1,7;2
data/leaf_n10_experiment2/leaf_n10_reticulation_r5/10_0.15_56_binary_adj.csv,28,32,5,5,1,15;5
data/leaf_n10_experiment2/leaf_n10_reticulation_r5/10_0.1_35_binary_adj.csv,28,32,5,5,1,14;5
data/leaf_n10_experiment2/leaf_n10_reticulation_r5/10_0.1_7_binary_adj.csv,28,32,5,3,2,11;3|4;2
data/leaf_n10_experiment2/leaf_n10_reticulation_r5/10_0.15_126_binary_adj.csv,28,32,5,5,1,15;5
data/leaf_n10_experiment2/leaf_n10_reticulation_r5/10_0.15_144_binary_adj.csv,28,32,5,5,1,14;5
data/leaf_n10_experiment2/leaf_n10_reticulation_r5/10_0.15_59_binary_adj.csv,28,32,5,5,1,15;5
data/leaf_n10_experiment2/leaf_n10_reticulation_r5/10_0.15_164_binary_adj.csv,28,32,5,4,2,13;4|3;1
data/leaf_n10_experiment2/leaf_n10_reticulation_r5/10_0.15_155_binary_adj.csv,28,32,5,5,1,13;5
data/leaf_n10_experiment2/leaf_n10_reticulation_r3/10_0.15_128_binary_adj.csv,24,26,3,3,1,8;3
data/leaf_n10_experiment2/leaf_n10_reticulation_r3/10_0.15_140_binary_adj.csv,24,26,3,2,2,6;2|5;1
data/leaf_n10_experiment2/leaf_n10_reticulation_r3/10_0.15_62_binary_adj.csv,24,26,3,3,1,10;3
data/leaf_n10_experiment2/leaf_n10_reticulation_r3/10_0.15_51_binary_adj.csv,24,26,3,3,1,11;3
data/leaf_n10_experiment2/leaf_n10_reticulation_r3/10_0.15_37_binary_adj.csv,24,26,3,3,1,9;3
data/leaf_n10_experiment2/leaf_n10_reticulation_r3/10_0.1_131_binary_adj.csv,24,26,3,3,1,9;3
data/leaf_n10_experiment2/leaf_n10_reticulation_r3/10_0.1_165_binary_adj.csv,24,26,3,3,1,7;3
data/leaf_n10_experiment2/leaf_n10_reticulation_r3/10_0.1_118_binary_adj.csv,24,26,3,3,1,9;3
data/leaf_n10_experiment2/leaf_n10_reticulation_r3/10_0.15_15_binary_adj.csv,24,26,3,3,1,9;3
data/leaf_n10_experiment2/leaf_n10_reticulation_r3/10_0.15_130_binary_adj.csv,24,26,3,2,2,6;2|3;1
data/leaf_n10_experiment2/leaf_n10_reticulation_r3/10_0.1_90_binary_adj.csv,24,26,3,3,1,6;3
data/leaf_n10_experiment2/leaf_n10_reticulation_r3/10_0.15_148_binary_adj.csv,24,26,3,3,1,11;3
data/leaf_n10_experiment2/leaf_n10_reticulation_r3/10_0.15_43_binary_adj.csv,24,26,3,3,1,10;3
data/leaf_n10_experiment2/leaf_n10_reticulation_r3/10_0.05_11_binary_adj.csv,24,26,3,3,1,11;3
data/leaf_n10_experiment2/leaf_n10_reticulation_r3/10_0.15_4_binary_adj.csv,24,26,3,3,1,9;3
data/leaf_n10_experiment2/leaf_n10_reticulation_r3/10_0.15_186_binary_adj.csv,24,26,3,3,1,12;3
data/leaf_n10_experiment2/leaf_n10_reticulation_r3/10_0.15_34_binary_adj.csv,24,26,3,2,2,4;2|5;1
data/leaf_n10_experiment2/leaf_n10_reticulation_r3/10_0.1_163_binary_adj.csv,24,26,3,3,1,11;3
data/leaf_n10_experiment2/leaf_n10_reticulation_r3/10_0.15_159_binary_adj.csv,24,26,3,3,1,11;3
data/leaf_n10_experiment2/leaf_n10_reticulation_r3/10_0.15_107_binary_adj.csv,24,26,3,3,1,7;3
data/leaf_n10_experiment2/leaf_n10_reticulation_r3/10_0.15_111_binary_adj.csv,24,26,3,3,1,11;3
data/leaf_n10_experiment2/leaf_n10_reticulation_r3/10_0.15_41_binary_adj.csv,24,26,3,3,1,11;3
data/leaf_n10_experiment2/leaf_n10_reticulation_r3/10_0.15_92_binary_adj.csv,24,26,3,3,1,11;3
data/leaf_n10_experiment2/leaf_n10_reticulation_r3/10_0.1_174_binary_adj.csv,24,26,3,3,1,9;3
data/leaf_n10_experiment2/leaf_n10_reticulation_r3/10_0.1_38_binary_adj.csv,24,26,3,3,1,11;3
data/leaf_n10_experiment2/leaf_n10_reticulation_r3/10_0.1_67_binary_adj.csv,24,26,3,3,1,10;3
data/leaf_n10_experiment2/leaf_n10_reticulation_r3/10_0.15_64_binary_adj.csv,24,26,3,3,1,10;3
data/leaf_n10_experiment2/leaf_n10_reticulation_r3/10_0.15_96_binary_adj.csv,24,26,3,3,1,11;3
data/leaf_n10_experiment2/leaf_n10_reticulation_r3/10_0.1_177_binary_adj.csv,24,26,3,2,2,3;1|7;2
data/leaf_n10_experiment2/leaf_n10_reticulation_r3/10_0.15_108_binary_adj.csv,24,26,3,2,2,4;2|3;1
data/leaf_n10_experiment2/leaf_n10_reticulation_r3/10_0.15_24_binary_adj.csv,24,26,3,3,1,9;3
data/leaf_n10_experiment2/leaf_n10_reticulation_r0/10_0.05_26_binary_adj.csv,18,17,0,0,0,
data/leaf_n10_experiment2/leaf_n10_reticulation_r0/10_0.1_23_binary_adj.csv,18,17,0,0,0,
data/leaf_n10_experiment2/leaf_n10_reticulation_r0/10_0.05_158_binary_adj.csv,18,17,0,0,0,
data/leaf_n10_experiment2/leaf_n10_reticulation_r0/10_0.15_98_binary_adj.csv,18,17,0,0,0,
data/leaf_n10_experiment2/leaf_n10_reticulation_r0/10_0.05_47_binary_adj.csv,18,17,0,0,0,
data/leaf_n10_experiment2/leaf_n10_reticulation_r0/10_0.05_73_binary_adj.csv,18,17,0,0,0,
data/leaf_n10_experiment2/leaf_n10_reticulation_r0/10_0.1_154_binary_adj.csv,18,17,0,0,0,
data/leaf_n10_experiment2/leaf_n10_reticulation_r0/10_0.05_164_binary_adj.csv,18,17,0,0,0,
data/leaf_n10_experiment2/leaf_n10_reticulation_r0/10_0.05_165_binary_adj.csv,18,17,0,0,0,
data/leaf_n10_experiment2/leaf_n10_reticulation_r0/10_0.05_95_binary_adj.csv,18,17,0,0,0,
data/leaf_n10_experiment2/leaf_n10_reticulation_r0/10_0.1_188_binary_adj.csv,18,17,0,0,0,
data/leaf_n10_experiment2/leaf_n10_reticulation_r0/10_0.05_93_binary_adj.csv,18,17,0,0,0,
data/leaf_n10_experiment2/leaf_n10_reticulation_r0/10_0.1_187_binary_adj.csv,18,17,0,0,0,
data/leaf_n10_experiment2/leaf_n10_reticulation_r0/10_0.15_76_binary_adj.csv,18,17,0,0,0,
data/leaf_n10_experiment2/leaf_n10_reticulation_r0/10_0.05_105_binary_adj.csv,18,17,0,0,0,
data/leaf_n10_experiment2/leaf_n10_reticulation_r0/10_0.1_119_binary_adj.csv,18,17,0,0,0,
data/leaf_n10_experiment2/leaf_n10_reticulation_r0/10_0.15_5_binary_adj.csv,18,17,0,0,0,
data/leaf_n10_experiment2/leaf_n10_reticulation_r0/10_0.05_50_binary_adj.csv,18,17,0,0,0,
data/leaf_n10_experiment2/leaf_n10_reticulation_r0/10_0.05_48_binary_adj.csv,18,17,0,0,0,
data/leaf_n10_experiment2/leaf_n10_reticulation_r0/10_0.05_20_binary_adj.csv,18,17,0,0,0,
data/leaf_n10_experiment2/leaf_n10_reticulation_r0/10_0.05_167_binary_adj.csv,18,17,0,0,0,
data/leaf_n10_experiment2/leaf_n10_reticulation_r0/10_0.1_184_binary_adj.csv,18,17,0,0,0,
data/leaf_n10_experiment2/leaf_n10_reticulation_r0/10_0.1_78_binary_adj.csv,18,17,0,0,0,
data/leaf_n10_experiment2/leaf_n10_reticulation_r0/10_0.05_1_binary_adj.csv,18,17,0,0,0,
data/leaf_n10_experiment2/leaf_n10_reticulation_r0/10_0.05_131_binary_adj.csv,18,17,0,0,0,
data/leaf_n10_experiment2/leaf_n10_reticulation_r0/10_0.1_200_binary_adj.csv,18,17,0,0,0,
data/leaf_n10_experiment2/leaf_n10_reticulation_r0/10_0.05_15_binary_adj.csv,18,17,0,0,0,
data/leaf_n10_experiment2/leaf_n10_reticulation_r0/10_0.1_121_binary_adj.csv,18,17,0,0,0,
data/leaf_n10_experiment2/leaf_n10_reticulation_r0/10_0.05_199_binary_adj.csv,18,17,0,0,0,
data/leaf_n10_experiment2/leaf_n10_reticulation_r0/10_0.15_2_binary_adj.csv,18,17,0,0,0,
data/leaf_n10_experiment2/leaf_n10_reticulation_r0/10_0.05_108_binary_adj.csv,18,17,0,0,0,
data/leaf_n10_experiment2/leaf_n10_reticulation_r0/10_0.05_138_binary_adj.csv,18,17,0,0,0,
data/leaf_n10_experiment2/leaf_n10_reticulation_r0/10_0.15_112_binary_adj.csv,18,17,0,0,0,
data/leaf_n10_experiment2/leaf_n10_reticulation_r0/10_0.05_190_binary_adj.csv,18,17,0,0,0,
data/leaf_n10_experiment2/leaf_n10_reticulation_r0/10_0.05_89_binary_adj.csv,18,17,0,0,0,
data/leaf_n10_experiment2/leaf_n10_reticulation_r0/10_0.1_144_binary_adj.csv,18,17,0,0,0,
data/leaf_n10_experiment2/leaf_n10_reticulation_r0/10_0.05_19_binary_adj.csv,18,17,0,0,0,
data/leaf_n10_experiment2/leaf_n10_reticulation_r0/10_0.15_198_binary_adj.csv,18,17,0,0,0,
data/leaf_n10_experiment2/leaf_n10_reticulation_r0/10_0.05_139_binary_adj.csv,18,17,0,0,0,
data/leaf_n10_experiment2/leaf_n10_reticulation_r0/10_0.05_198_binary_adj.csv,18,17,0,0,0,
data/leaf_n10_experiment2/leaf_n10_reticulation_r0/10_0.15_105_binary_adj.csv,18,17,0,0,0,
data/leaf_n10_experiment2/leaf_n10_reticulation_r0/10_0.15_39_binary_adj.csv,18,17,0,0,0,
data/leaf_n10_experiment2/leaf_n10_reticulation_r0/10_0.05_192_binary_adj.csv,18,17,0,0,0,
data/leaf_n10_experiment2/leaf_n10_reticulation_r0/10_0.1_151_binary_adj.csv,18,17,0,0,0,
data/leaf_n10_experiment2/leaf_n10_reticulation_r0/10_0.1_128_binary_adj.csv,18,17,0,0,0,
data/leaf_n10_experiment2/leaf_n10_reticulation_r0/10_0.05_30_binary_adj.csv,18,17,0,0,0,
data/leaf_n10_experiment2/leaf_n10_reticulation_r0/10_0.05_110_binary_adj.csv,18,17,0,0,0,
data/leaf_n10_experiment2/leaf_n10_reticulation_r0/10_0.1_57_binary_adj.csv,18,17,0,0,0,
data/leaf_n10_experiment2/leaf_n10_reticulation_r0/10_0.1_122_binary_adj.csv,18,17,0,0,0,
data/leaf_n10_experiment2/leaf_n10_reticulation_r0/10_0.05_38_binary_adj.csv,18,17,0,0,0,
data/leaf_n10_experiment2/leaf_n10_reticulation_r0/10_0.15_25_binary_adj.csv,18,17,0,0,0,
data/leaf_n10_experiment2/leaf_n10_reticulation_r0/10_0.15_125_binary_adj.csv,18,17,0,0,0,
data/leaf_n10_experiment2/leaf_n10_reticulation_r0/10_0.1_6_binary_adj.csv,18,17,0,0,0,
data/leaf_n10_experiment2/leaf_n10_reticulation_r0/10_0.1_79_binary_adj.csv,18,17,0,0,0,
data/leaf_n10_experiment2/leaf_n10_reticulation_r0/10_0.05_174_binary_adj.csv,18,17,0,0,0,
data/leaf_n10_experiment2/leaf_n10_reticulation_r0/10_0.05_31_binary_adj.csv,18,17,0,0,0,
data/leaf_n10_experiment2/leaf_n10_reticulation_r0/10_0.05_4_binary_adj.csv,18,17,0,0,0,
data/leaf_n10_experiment2/leaf_n10_reticulation_r0/10_0.05_22_binary_adj.csv,18,17,0,0,0,
data/leaf_n10_experiment2/leaf_n10_reticulation_r0/10_0.1_39_binary_adj.csv,18,17,0,0,0,
data/leaf_n10_experiment2/leaf_n10_reticulation_r0/10_0.1_182_binary_adj.csv,18,17,0,0,0,
data/leaf_n10_experiment2/leaf_n10_reticulation_r0/10_0.1_197_binary_adj.csv,18,17,0,0,0,
data/leaf_n10_experiment2/leaf_n10_reticulation_r0/10_0.15_175_binary_adj.csv,18,17,0,0,0,
data/leaf_n10_experiment2/leaf_n10_reticulation_r0/10_0.1_111_binary_adj.csv,18,17,0,0,0,
data/leaf_n10_experiment2/leaf_n10_reticulation_r0/10_0.15_145_binary_adj.csv,18,17,0,0,0,
data/leaf_n10_experiment2/leaf_n10_reticulation_r0/10_0.05_101_binary_adj.csv,18,17,0,0,0,
data/leaf_n10_experiment2/leaf_n10_reticulation_r0/10_0.1_80_binary_adj.csv,18,17,0,0,0,
data/leaf_n10_experiment2/leaf_n10_reticulation_r0/10_0.1_97_binary_adj.csv,18,17,0,0,0,
data/leaf_n10_experiment2/leaf_n10_reticulation_r0/10_0.1_179_binary_adj.csv,18,17,0,0,0,
data/leaf_n10_experiment2/leaf_n10_reticulation_r0/10_0.15_157_binary_adj.csv,18,17,0,0,0,
data/leaf_n10_experiment2/leaf_n10_reticulation_r0/10_0.15_80_binary_adj.csv,18,17,0,0,0,
data/leaf_n10_experiment2/leaf_n10_reticulation_r0/10_0.1_105_binary_adj.csv,18,17,0,0,0,
data/leaf_n10_experiment2/leaf_n10_reticulation_r0/10_0.15_187_binary_adj.csv,18,17,0,0,0,
data/leaf_n10_experiment2/leaf_n10_reticulation_r0/10_0.15_12_binary_adj.csv,18,17,0,0,0,
data/leaf_n10_experiment2/leaf_n10_reticulation_r0/10_0.15_71_binary_adj.csv,18,17,0,0,0,
data/leaf_n10_experiment2/leaf_n10_reticulation_r0/10_0.05_60_binary_adj.csv,18,17,0,0,0,
data/leaf_n10_experiment2/leaf_n10_reticulation_r0/10_0.1_77_binary_adj.csv,18,17,0,0,0,
data/leaf_n10_experiment2/leaf_n10_reticulation_r0/10_0.1_81_binary_adj.csv,18,17,0,0,0,
data/leaf_n10_experiment2/leaf_n10_reticulation_r0/10_0.1_195_binary_adj.csv,18,17,0,0,0,
data/leaf_n10_experiment2/leaf_n10_reticulation_r0/10_0.1_146_binary_adj.csv,18,17,0,0,0,
data/leaf_n10_experiment2/leaf_n10_reticulation_r0/10_0.05_185_binary_adj.csv,18,17,0,0,0,
data/leaf_n10_experiment2/leaf_n10_reticulation_r0/10_0.05_76_binary_adj.csv,18,17,0,0,0,
data/leaf_n10_experiment2/leaf_n10_reticulation_r0/10_0.05_161_binary_adj.csv,18,17,0,0,0,
data/leaf_n10_experiment2/leaf_n10_reticulation_r0/10_0.15_132_binary_adj.csv,18,17,0,0,0,
data/leaf_n10_experiment2/leaf_n10_reticulation_r0/10_0.15_79_binary_adj.csv,18,17,0,0,0,
data/leaf_n10_experiment2/leaf_n10_reticulation_r0/10_0.1_56_binary_adj.csv,18,17,0,0,0,
data/leaf_n10_experiment2/leaf_n10_reticulation_r0/10_0.05_156_binary_adj.csv,18,17,0,0,0,
data/leaf_n10_experiment2/leaf_n10_reticulation_r0/10_0.1_103_binary_adj.csv,18,17,0,0,0,
data/leaf_n10_experiment2/leaf_n10_reticulation_r0/10_0.15_65_binary_adj.csv,18,17,0,0,0,
data/leaf_n10_experiment2/leaf_n10_reticulation_r0/10_0.05_154_binary_adj.csv,18,17,0,0,0,
data/leaf_n10_experiment2/leaf_n10_reticulation_r0/10_0.1_84_binary_adj.csv,18,17,0,0,0,
data/leaf_n10_experiment2/leaf_n10_reticulation_r0/10_0.05_109_binary_adj.csv,18,17,0,0,0,
data/leaf_n10_experiment2/leaf_n10_reticulation_r0/10_0.15_18_binary_adj.csv,18,17,0,0,0,
data/leaf_n10_experiment2/leaf_n10_reticulation_r0/10_0.1_160_binary_adj.csv,18,17,0,0,0,
data/leaf_n10_experiment2/leaf_n10_reticulation_r0/10_0.1_41_binary_adj.csv,18,17,0,0,0,
data/leaf_n10_experiment2/leaf_n10_reticulation_r0/10_0.05_16_binary_adj.csv,18,17,0,0,0,
data/leaf_n10_experiment2/leaf_n10_reticulation_r0/10_0.05_115_binary_adj.csv,18,17,0,0,0,
data/leaf_n10_experiment2/leaf_n10_reticulation_r0/10_0.15_22_binary_adj.csv,18,17,0,0,0,
data/leaf_n10_experiment2/leaf_n10_reticulation_r0/10_0.1_100_binary_adj.csv,18,17,0,0,0,
data/leaf_n10_experiment2/leaf_n10_reticulation_r0/10_0.05_99_binary_adj.csv,18,17,0,0,0,
data/leaf_n10_experiment2/leaf_n10_reticulation_r0/10_0.15_8_binary_adj.csv,18,17,0,0,0,
data/leaf_n10_experiment2/leaf_n10_reticulation_r0/10_0.05_173_binary_adj.csv,18,17,0,0,0,
data/leaf_n10_experiment2/leaf_n10_reticulation_r0/10_0.05_8_binary_adj.csv,18,17,0,0,0,
data/leaf_n10_experiment2/leaf_n10_reticulation_r0/10_0.15_102_binary_adj.csv,18,17,0,0,0,
data/leaf_n10_experiment2/leaf_n10_reticulation_r0/10_0.05_181_binary_adj.csv,18,17,0,0,0,
data/leaf_n10_experiment2/leaf_n10_reticulation_r0/10_0.1_86_binary_adj.csv,18,17,0,0,0,
data/leaf_n10_experiment2/leaf_n10_reticulation_r0/10_0.15_146_binary_adj.csv,18,17,0,0,0,
data/leaf_n10_experiment2/leaf_n10_reticulation_r0/10_0.05_77_binary_adj.csv,18,17,0,0,0,
data/leaf_n10_experiment2/leaf_n10_reticulation_r0/10_0.1_110_binary_adj.csv,18,17,0,0,0,
data/leaf_n10_experiment2/leaf_n10_reticulation_r0/10_0.15_27_binary_adj.csv,18,17,0,0,0,
data/leaf_n10_experiment2/leaf_n10_reticulation_r0/10_0.15_150_binary_adj.csv,18,17,0,0,0,
data/leaf_n10_experiment2/leaf_n10_reticulation_r0/10_0.05_149_binary_adj.csv,18,17,0,0,0,
data/leaf_n10_experiment2/leaf_n10_reticulation_r0/10_0.05_32_binary_adj.csv,18,17,0,0,0,
data/leaf_n10_experiment2/leaf_n10_reticulation_r0/10_0.05_79_binary_adj.csv,18,17,0,0,0,
data/leaf_n10_experiment2/leaf_n10_reticulation_r0/10_0.05_191_binary_adj.csv,18,17,0,0,0,
data/leaf_n10_experiment2/leaf_n10_reticulation_r0/10_0.05_103_binary_adj.csv,18,17,0,0,0,
data/leaf_n10_experiment2/leaf_n10_reticulation_r0/10_0.1_113_binary_adj.csv,18,17,0,0,0,
data/leaf_n10_experiment2/leaf_n10_reticulation_r0/10_0.15_82_binary_adj.csv,18,17,0,0,0,
data/leaf_n10_experiment2/leaf_n10_reticulation_r0/10_0.15_68_binary_adj.csv,18,17,0,0,0,
data/leaf_n10_experiment2/leaf_n10_reticulation_r0/10_0.05_9_binary_adj.csv,18,17,0,0,0,
data/leaf_n10_experiment2/leaf_n10_reticulation_r0/10_0.05_14_binary_adj.csv,18,17,0,0,0,
data/leaf_n10_experiment2/leaf_n10_reticulation_r0/10_0.1_108_binary_adj.csv,18,17,0,0,0,
data/leaf_n10_experiment2/leaf_n10_reticulation_r0/10_0.05_71_binary_adj.csv,18,17,0,0,0,
data/leaf_n10_experiment2/leaf_n10_reticulation_r0/10_0.05_56_binary_adj.csv,18,17,0,0,0,
data/leaf_n10_experiment2/leaf_n10_reticulation_r0/10_0.1_124_binary_adj.csv,18,17,0,0,0,
data/leaf_n10_experiment2/leaf_n10_reticulation_r0/10_0.05_64_binary_adj.csv,18,17,0,0,0,
data/leaf_n10_experiment2/leaf_n10_reticulation_r0/10_0.05_188_binary_adj.csv,18,17,0,0,0,
data/leaf_n10_experiment2/leaf_n10_reticulation_r0/10_0.15_72_binary_adj.csv,18,17,0,0,0,
data/leaf_n10_experiment2/leaf_n10_reticulation_r0/10_0.05_74_binary_adj.csv,18,17,0,0,0,
data/leaf_n10_experiment2/leaf_n10_reticulation_r0/10_0.15_149_binary_adj.csv,18,17,0,0,0,
data/leaf_n10_experiment2/leaf_n10_reticulation_r0/10_0.15_49_binary_adj.csv,18,17,0,0,0,
data/leaf_n10_experiment2/leaf_n10_reticulation_r0/10_0.05_148_binary_adj.csv,18,17,0,0,0,
data/leaf_n10_experiment2/leaf_n10_reticulation_r0/10_0.05_151_binary_adj.csv,18,17,0,0,0,
data/leaf_n10_experiment2/leaf_n10_reticulation_r0/10_0.1_161_binary_adj.csv,18,17,0,0,0,
data/leaf_n10_experiment2/leaf_n10_reticulation_r0/10_0.05_194_binary_adj.csv,18,17,0,0,0,
data/leaf_n10_experiment2/leaf_n10_reticulation_r0/10_0.05_66_binary_adj.csv,18,17,0,0,0,
data/leaf_n10_experiment2/leaf_n10_reticulation_r0/10_0.05_55_binary_adj.csv,18,17,0,0,0,
data/leaf_n10_experiment2/leaf_n10_reticulation_r0/10_0.05_147_binary_adj.csv,18,17,0,0,0,
data/leaf_n10_experiment2/leaf_n10_reticulation_r0/10_0.15_138_binary_adj.csv,18,17,0,0,0,
data/leaf_n10_experiment2/leaf_n10_reticulation_r0/10_0.05_102_binary_adj.csv,18,17,0,0,0,
data/leaf_n10_experiment2/leaf_n10_reticulation_r0/10_0.15_3_binary_adj.csv,18,17,0,0,0,
data/leaf_n10_experiment2/leaf_n10_reticulation_r0/10_0.05_134_binary_adj.csv,18,17,0,0,0,
data/leaf_n10_experiment2/leaf_n10_reticulation_r0/10_0.15_124_binary_adj.csv,18,17,0,0,0,
data/leaf_n10_experiment2/leaf_n10_reticulation_r0/10_0.1_10_binary_adj.csv,18,17,0,0,0,
data/leaf_n10_experiment2/leaf_n10_reticulation_r0/10_0.05_132_binary_adj.csv,18,17,0,0,0,
data/leaf_n10_experiment2/leaf_n10_reticulation_r0/10_0.05_49_binary_adj.csv,18,17,0,0,0,
data/leaf_n10_experiment2/leaf_n10_reticulation_r0/10_0.05_42_binary_adj.csv,18,17,0,0,0,
data/leaf_n10_experiment2/leaf_n10_reticulation_r0/10_0.05_187_binary_adj.csv,18,17,0,0,0,
data/leaf_n10_experiment2/leaf_n10_reticulation_r0/10_0.1_51_binary_adj.csv,18,17,0,0,0,
data/leaf_n10_experiment2/leaf_n10_reticulation_r0/10_0.1_136_binary_adj.csv,18,17,0,0,0,
data/leaf_n10_experiment2/leaf_n10_reticulation_r0/10_0.05_123_binary_adj.csv,18,17,0,0,0,
data/leaf_n10_experiment2/leaf_n10_reticulation_r0/10_0.05_146_binary_adj.csv,18,17,0,0,0,
data/leaf_n10_experiment2/leaf_n10_reticulation_r0/10_0.05_162_binary_adj.csv,18,17,0,0,0,
data/leaf_n10_experiment2/leaf_n10_reticulation_r0/10_0.1_96_binary_adj.csv,18,17,0,0,0,
data/leaf_n10_experiment2/leaf_n10_reticulation_r0/10_0.1_181_binary_adj.csv,18,17,0,0,0,
data/leaf_n10_experiment2/leaf_n10_reticulation_r0/10_0.15_85_binary_adj.csv,18,17,0,0,0,
data/leaf_n10_experiment2/leaf_n10_reticulation_r0/10_0.05_54_binary_adj.csv,18,17,0,0,0,
data/leaf_n10_experiment2/leaf_n10_reticulation_r0/10_0.1_168_binary_adj.csv,18,17,0,0,0,
data/leaf_n10_experiment2/leaf_n10_reticulation_r0/10_0.05_97_binary_adj.csv,18,17,0,0,0,
data/leaf_n10_experiment2/leaf_n10_reticulation_r0/10_0.05_68_binary_adj.csv,18,17,0,0,0,
data/leaf_n10_experiment2/leaf_n10_reticulation_r0/10_0.05_184_binary_adj.csv,18,17,0,0,0,
data/leaf_n10_experiment2/leaf_n10_reticulation_r0/10_0.05_87_binary_adj.csv,18,17,0,0,0,
data/leaf_n10_experiment2/leaf_n10_reticulation_r0/10_0.15_86_binary_adj.csv,18,17,0,0,0,
data/leaf_n10_experiment2/leaf_n10_reticulation_r0/10_0.1_24_binary_adj.csv,18,17,0,0,0,
data/leaf_n10_experiment2/leaf_n10_reticulation_r0/10_0.1_162_binary_adj.csv,18,17,0,0,0,
data/leaf_n10_experiment2/leaf_n10_reticulation_r0/10_0.1_25_binary_adj.csv,18,17,0,0,0,
data/leaf_n10_experiment2/leaf_n10_reticulation_r0/10_0.1_141_binary_adj.csv,18,17,0,0,0,
data/leaf_n10_experiment2/leaf_n10_reticulation_r0/10_0.15_26_binary_adj.csv,18,17,0,0,0,
data/leaf_n10_experiment2/leaf_n10_reticulation_r0/10_0.15_165_binary_adj.csv,18,17,0,0,0,
data/leaf_n10_experiment2/leaf_n10_reticulation_r0/10_0.15_153_binary_adj.csv,18,17,0,0,0,
data/leaf_n10_experiment2/leaf_n10_reticulation_r0/10_0.05_98_binary_adj.csv,18,17,0,0,0,
data/leaf_n10_experiment2/leaf_n10_reticulation_r0/10_0.15_135_binary_adj.csv,18,17,0,0,0,
data/leaf_n10_experiment2/leaf_n10_reticulation_r0/10_0.05_169_binary_adj.csv,18,17,0,0,0,
data/leaf_n10_experiment2/leaf_n10_reticulation_r0/10_0.15_166_binary_adj.csv,18,17,0,0,0,
data/leaf_n10_experiment2/leaf_n10_reticulation_r0/10_0.15_84_binary_adj.csv,18,17,0,0,0,
data/leaf_n10_experiment2/leaf_n10_reticulation_r0/10_0.1_150_binary_adj.csv,18,17,0,0,0,
data/leaf_n10_experiment2/leaf_n10_reticulation_r0/10_0.15_123_binary_adj.csv,18,17,0,0,0,
data/leaf_n10_experiment2/leaf_n10_reticulation_r0/10_0.05_94_binary_adj.csv,18,17,0,0,0,
data/leaf_n10_experiment2/leaf_n10_reticulation_r0/10_0.15_113_binary_adj.csv,18,17,0,0,0,
data/leaf_n10_experiment2/leaf_n10_reticulation_r0/10_0.05_83_binary_adj.csv,18,17,0,0,0,
data/leaf_n10_experiment2/leaf_n10_reticulation_r0/10_0.1_123_binary_adj.csv,18,17,0,0,0,
data/leaf_n10_experiment2/leaf_n10_reticulation_r0/10_0.05_6_binary_adj.csv,18,17,0,0,0,
data/leaf_n10_experiment2/leaf_n10_reticulation_r0/10_0.1_107_binary_adj.csv,18,17,0,0,0,
data/leaf_n10_experiment2/leaf_n10_reticulation_r0/10_0.15_151_binary_adj.csv,18,17,0,0,0,
data/leaf_n10_experiment2/leaf_n10_reticulation_r0/10_0.15_178_binary_adj.csv,18,17,0,0,0,
data/leaf_n10_experiment2/leaf_n10_reticulation_r0/10_0.05_179_binary_adj.csv,18,17,0,0,0,
data/leaf_n10_experiment2/leaf_n10_reticulation_r0/10_0.05_12_binary_adj.csv,18,17,0,0,0,
data/leaf_n10_experiment2/leaf_n10_reticulation_r0/10_0.15_78_binary_adj.csv,18,17,0,0,0,
data/leaf_n10_experiment2/leaf_n10_reticulation_r0/10_0.1_171_binary_adj.csv,18,17,0,0,0,
data/leaf_n10_experiment2/leaf_n10_reticulation_r0/10_0.05_112_binary_adj.csv,18,17,0,0,0,
data/leaf_n10_experiment2/leaf_n10_reticulation_r0/10_0.1_139_binary_adj.csv,18,17,0,0,0,
data/leaf_n10_experiment2/leaf_n10_reticulation_r0/10_0.1_94_binary_adj.csv,18,17,0,0,0,
data/leaf_n10_experiment2/leaf_n10_reticulation_r0/10_0.15_60_binary_adj.csv,18,17,0,0,0,
data/leaf_n10_experiment2/leaf_n10_reticulation_r0/10_0.05_3_binary_adj.csv,18,17,0,0,0,
data/leaf_n10_experiment2/leaf_n10_reticulation_r0/10_0.05_172_binary_adj.csv,18,17,0,0,0,
data/leaf_n10_experiment2/leaf_n10_reticulation_r0/10_0.1_19_binary_adj.csv,18,17,0,0,0,
data/leaf_n10_experiment2/leaf_n10_reticulation_r0/10_0.05_160_binary_adj.csv,18,17,0,0,0,
data/leaf_n10_experiment2/leaf_n10_reticulation_r0/10_0.1_31_binary_adj.csv,18,17,0,0,0,
data/leaf_n10_experiment2/leaf_n10_reticulation_r0/10_0.1_14_binary_adj.csv,18,17,0,0,0,
data/leaf_n10_experiment2/leaf_n10_reticulation_r0/10_0.05_24_binary_adj.csv,18,17,0,0,0,
data/leaf_n10_experiment2/leaf_n10_reticulation_r0/10_0.15_173_binary_adj.csv,18,17,0,0,0,
data/leaf_n10_experiment2/leaf_n10_reticulation_r0/10_0.1_140_binary_adj.csv,18,17,0,0,0,
data/leaf_n10_experiment2/leaf_n10_reticulation_r0/10_0.1_173_binary_adj.csv,18,17,0,0,0,
data/leaf_n10_experiment2/leaf_n10_reticulation_r0/10_0.15_179_binary_adj.csv,18,17,0,0,0,
data/leaf_n10_experiment2/leaf_n10_reticulation_r0/10_0.1_134_binary_adj.csv,18,17,0,0,0,
data/leaf_n10_experiment2/leaf_n10_reticulation_r0/10_0.05_57_binary_adj.csv,18,17,0,0,0,
data/leaf_n10_experiment2/leaf_n10_reticulation_r0/10_0.05_196_binary_adj.csv,18,17,0,0,0,
data/leaf_n10_experiment2/leaf_n10_reticulation_r0/10_0.1_129_binary_adj.csv,18,17,0,0,0,
data/leaf_n10_experiment2/leaf_n10_reticulation_r0/10_0.05_63_binary_adj.csv,18,17,0,0,0,
data/leaf_n10_experiment2/leaf_n10_reticulation_r0/10_0.1_137_binary_adj.csv,18,17,0,0,0,
data/leaf_n10_experiment2/leaf_n10_reticulation_r0/10_0.15_6_binary_adj.csv,18,17,0,0,0,
data/leaf_n10_experiment2/leaf_n10_reticulation_r0/10_0.05_82_binary_adj.csv,18,17,0,0,0,
data/leaf_n10_experiment2/leaf_n10_reticulation_r0/10_0.1_158_binary_adj.csv,18,17,0,0,0,
data/leaf_n10_experiment2/leaf_n10_reticulation_r0/10_0.1_185_binary_adj.csv,18,17,0,0,0,
data/leaf_n10_experiment2/leaf_n10_reticulation_r0/10_0.1_59_binary_adj.csv,18,17,0,0,0,
data/leaf_n10_experiment2/leaf_n10_reticulation_r0/10_0.1_120_binary_adj.csv,18,17,0,0,0,
data/leaf_n10_experiment2/leaf_n10_reticulation_r0/10_0.05_182_binary_adj.csv,18,17,0,0,0,
data/leaf_n10_experiment2/leaf_n10_reticulation_r0/10_0.1_71_binary_adj.csv,18,17,0,0,0,
data/leaf_n10_experiment2/leaf_n10_reticulation_r0/10_0.15_90_binary_adj.csv,18,17,0,0,0,
data/leaf_n10_experiment2/leaf_n10_reticulation_r0/10_0.05_61_binary_adj.csv,18,17,0,0,0,
data/leaf_n10_experiment2/leaf_n10_reticulation_r0/10_0.15_97_binary_adj.csv,18,17,0,0,0,
data/leaf_n10_experiment2/leaf_n10_reticulation_r0/10_0.05_128_binary_adj.csv,18,17,0,0,0,
data/leaf_n10_experiment2/leaf_n10_reticulation_r0/10_0.15_42_binary_adj.csv,18,17,0,0,0,
data/leaf_n10_experiment2/leaf_n10_reticulation_r0/10_0.05_175_binary_adj.csv,18,17,0,0,0,
data/leaf_n10_experiment2/leaf_n10_reticulation_r0/10_0.05_28_binary_adj.csv,18,17,0,0,0,
data/leaf_n10_experiment2/leaf_n10_reticulation_r0/10_0.05_133_binary_adj.csv,18,17,0,0,0,
data/leaf_n10_experiment2/leaf_n10_reticulation_r0/10_0.1_16_binary_adj.csv,18,17,0,0,0,
data/leaf_n10_experiment2/leaf_n10_reticulation_r0/10_0.05_135_binary_adj.csv,18,17,0,0,0,
data/leaf_n10_experiment2/leaf_n10_reticulation_r0/10_0.1_63_binary_adj.csv,18,17,0,0,0,
data/leaf_n10_experiment2/leaf_n10_reticulation_r0/10_0.05_200_binary_adj.csv,18,17,0,0,0,
data/leaf_n10_experiment2/leaf_n10_reticulation_r0/10_0.15_161_binary_adj.csv,18,17,0,0,0,
data/leaf_n10_experiment2/leaf_n10_reticulation_r0/10_0.1_33_binary_adj.csv,18,17,0,0,0,
data/leaf_n10_experiment2/leaf_n10_reticulation_r0/10_0.15_191_binary_adj.csv,18,17,0,0,0,
data/leaf_n10_experiment2/leaf_n10_reticulation_r0/10_0.05_117_binary_adj.csv,18,17,0,0,0,
data/leaf_n10_experiment2/leaf_n10_reticulation_r0/10_0.1_155_binary_adj.csv,18,17,0,0,0,
data/leaf_n10_experiment2/leaf_n10_reticulation_r0/10_0.1_178_binary_adj.csv,18,17,0,0,0,
data/leaf_n10_experiment2/leaf_n10_reticulation_r0/10_0.05_81_binary_adj.csv,18,17,0,0,0,
data/leaf_n10_experiment2/leaf_n10_reticulation_r0/10_0.05_91_binary_adj.csv,18,17,0,0,0,
data/leaf_n10_experiment2/leaf_n10_reticulation_r0/10_0.1_186_binary_adj.csv,18,17,0,0,0,
data/leaf_n10_experiment2/leaf_n10_reticulation_r0/10_0.05_37_binary_adj.csv,18,17,0,0,0,
data/leaf_n10_experiment2/leaf_n10_reticulation_r0/10_0.05_45_binary_adj.csv,18,17,0,0,0,
data/leaf_n10_experiment2/leaf_n10_reticulation_r0/10_0.05_141_binary_adj.csv,18,17,0,0,0,
data/leaf_n10_experiment2/leaf_n10_reticulation_r0/10_0.05_70_binary_adj.csv,18,17,0,0,0,
data/leaf_n10_experiment2/leaf_n10_reticulation_r0/10_0.05_58_binary_adj.csv,18,17,0,0,0,
data/leaf_n10_experiment2/leaf_n10_reticulation_r0/10_0.15_189_binary_adj.csv,18,17,0,0,0,
data/leaf_n10_experiment2/leaf_n10_reticulation_r0/10_0.1_65_binary_adj.csv,18,17,0,0,0,
data/leaf_n10_experiment2/leaf_n10_reticulation_r0/10_0.05_41_binary_adj.csv,18,17,0,0,0,
data/leaf_n10_experiment2/leaf_n10_reticulation_r0/10_0.05_129_binary_adj.csv,18,17,0,0,0,
data/leaf_n10_experiment2/leaf_n10_reticulation_r0/10_0.05_67_binary_adj.csv,18,17,0,0,0,
data/leaf_n10_experiment2/leaf_n10_reticulation_r0/10_0.15_182_binary_adj.csv,18,17,0,0,0,
data/leaf_n10_experiment2/leaf_n10_reticulation_r0/10_0.1_145_binary_adj.csv,18,17,0,0,0,
data/leaf_n10_experiment2/leaf_n10_reticulation_r0/10_0.05_51_binary_adj.csv,18,17,0,0,0,
data/leaf_n10_experiment2/leaf_n10_reticulation_r0/10_0.05_186_binary_adj.csv,18,17,0,0,0,
data/leaf_n10_experiment2/leaf_n10_reticulation_r0/10_0.05_72_binary_adj.csv,18,17,0,0,0,
data/leaf_n10_experiment2/leaf_n10_reticulation_r0/10_0.1_69_binary_adj.csv,18,17,0,0,0,
data/leaf_n10_experiment2/leaf_n10_reticulation_r0/10_0.05_157_binary_adj.csv,18,17,0,0,0,
data/leaf_n10_experiment2/leaf_n10_reticulation_r0/10_0.1_60_binary_adj.csv,18,17,0,0,0,
data/leaf_n10_experiment2/leaf_n10_reticulation_r0/10_0.05_152_binary_adj.csv,18,17,0,0,0,
data/leaf_n10_experiment2/leaf_n10_reticulation_r0/10_0.05_171_binary_adj.csv,18,17,0,0,0,
data/leaf_n10_experiment2/leaf_n10_reticulation_r0/10_0.1_175_binary_adj.csv,18,17,0,0,0,
data/leaf_n10_experiment2/leaf_n10_reticulation_r0/10_0.05_10_binary_adj.csv,18,17,0,0,0,
data/leaf_n10_experiment2/leaf_n10_reticulation_r0/10_0.05_17_binary_adj.csv,18,17,0,0,0,
data/leaf_n10_experiment2/leaf_n10_reticulation_r0/10_0.05_195_binary_adj.csv,18,17,0,0,0,
data/leaf_n10_experiment2/leaf_n10_reticulation_r0/10_0.05_36_binary_adj.csv,18,17,0,0,0,
data/leaf_n10_experiment2/leaf_n10_reticulation_r0/10_0.15_63_binary_adj.csv,18,17,0,0,0,
data/leaf_n10_experiment2/leaf_n10_reticulation_r0/10_0.05_118_binary_adj.csv,18,17,0,0,0,
data/leaf_n10_experiment2/leaf_n10_reticulation_r0/10_0.1_149_binary_adj.csv,18,17,0,0,0,
data/leaf_n10_experiment2/leaf_n10_reticulation_r0/10_0.05_75_binary_adj.csv,18,17,0,0,0,
data/leaf_n10_experiment2/leaf_n10_reticulation_r0/10_0.1_193_binary_adj.csv,18,17,0,0,0,
data/leaf_n10_experiment2/leaf_n10_reticulation_r0/10_0.1_192_binary_adj.csv,18,17,0,0,0,
data/leaf_n10_experiment2/leaf_n10_reticulation_r0/10_0.1_44_binary_adj.csv,18,17,0,0,0,
data/leaf_n10_experiment2/leaf_n10_reticulation_r0/10_0.05_189_binary_adj.csv,18,17,0,0,0,
data/leaf_n10_experiment2/leaf_n10_reticulation_r0/10_0.05_25_binary_adj.csv,18,17,0,0,0,
data/leaf_n10_experiment2/leaf_n10_reticulation_r0/10_0.05_78_binary_adj.csv,18,17,0,0,0,
data/leaf_n10_experiment2/leaf_n10_reticulation_r0/10_0.05_145_binary_adj.csv,18,17,0,0,0,
data/leaf_n10_experiment2/leaf_n10_reticulation_r0/10_0.15_143_binary_adj.csv,18,17,0,0,0,
data/leaf_n10_experiment2/leaf_n10_reticulation_r0/10_0.1_9_binary_adj.csv,18,17,0,0,0,
data/leaf_n10_experiment2/leaf_n10_reticulation_r0/10_0.1_73_binary_adj.csv,18,17,0,0,0,
data/leaf_n10_experiment2/leaf_n10_reticulation_r0/10_0.05_177_binary_adj.csv,18,17,0,0,0,
data/leaf_n10_experiment2/leaf_n10_reticulation_r0/10_0.1_112_binary_adj.csv,18,17,0,0,0,
data/leaf_n10_experiment2/leaf_n10_reticulation_r0/10_0.05_150_binary_adj.csv,18,17,0,0,0,
data/leaf_n10_experiment2/leaf_n10_reticulation_r0/10_0.1_106_binary_adj.csv,18,17,0,0,0,
data/leaf_n10_experiment2/leaf_n10_reticulation_r0/10_0.05_40_binary_adj.csv,18,17,0,0,0,
data/leaf_n10_experiment2/leaf_n10_reticulation_r0/10_0.15_1_binary_adj.csv,18,17,0,0,0,
data/leaf_n10_experiment2/leaf_n10_reticulation_r0/10_0.1_32_binary_adj.csv,18,17,0,0,0,
data/leaf_n10_experiment2/leaf_n10_reticulation_r0/10_0.05_183_binary_adj.csv,18,17,0,0,0,
data/leaf_n10_experiment2/leaf_n10_reticulation_r0/10_0.1_152_binary_adj.csv,18,17,0,0,0,
data/leaf_n10_experiment2/leaf_n10_reticulation_r0/10_0.1_1_binary_adj.csv,18,17,0,0,0,
data/leaf_n10_experiment2/leaf_n10_reticulation_r0/10_0.1_104_binary_adj.csv,18,17,0,0,0,
data/leaf_n10_experiment2/leaf_n10_reticulation_r0/10_0.05_7_binary_adj.csv,18,17,0,0,0,
data/leaf_n10_experiment2/leaf_n10_reticulation_r0/10_0.15_129_binary_adj.csv,18,17,0,0,0,
data/leaf_n10_experiment2/leaf_n10_reticulation_r0/10_0.05_121_binary_adj.csv,18,17,0,0,0,
data/leaf_n10_experiment2/leaf_n10_reticulation_r0/10_0.1_62_binary_adj.csv,18,17,0,0,0,
data/leaf_n10_experiment2/leaf_n10_reticulation_r0/10_0.05_84_binary_adj.csv,18,17,0,0,0,
data/leaf_n10_experiment2/leaf_n10_reticulation_r0/10_0.15_196_binary_adj.csv,18,17,0,0,0,
data/leaf_n10_experiment2/leaf_n10_reticulation_r0/10_0.1_198_binary_adj.csv,18,17,0,0,0,
data/leaf_n10_experiment2/leaf_n10_reticulation_r0/10_0.1_89_binary_adj.csv,18,17,0,0,0,
data/leaf_n10_experiment2/leaf_n10_reticulation_r0/10_0.1_43_binary_adj.csv,18,17,0,0,0,
data/leaf_n10_experiment2/leaf_n10_reticulation_r0/10_0.1_116_binary_adj.csv,18,17,0,0,0,
data/leaf_n10_experiment2/leaf_n10_reticulation_r0/10_0.15_180_binary_adj.csv,18,17,0,0,0,
data/leaf_n10_experiment2/leaf_n10_reticulation_r0/10_0.15_185_binary_adj.csv,18,17,0,0,0,
data/leaf_n10_experiment2/leaf_n10_reticulation_r0/10_0.1_93_binary_adj.csv,18,17,0,0,0,
data/leaf_n10_experiment2/leaf_n10_reticulation_r0/10_0.05_137_binary_adj.csv,18,17,0,0,0,
data/leaf_n10_experiment2/leaf_n10_reticulation_r0/10_0.05_34_binary_adj.csv,18,17,0,0,0,
data/leaf_n10_experiment2/leaf_n10_reticulation_r0/10_0.1_74_binary_adj.csv,18,17,0,0,0,
data/leaf_n10_experiment2/leaf_n10_reticulation_r0/10_0.05_39_binary_adj.csv,18,17,0,0,0,
data/leaf_n10_experiment2/leaf_n10_reticulation_r0/10_0.05_13_binary_adj.csv,18,17,0,0,0,
data/leaf_n10_experiment2/leaf_n10_reticulation_r0/10_0.05_170_binary_adj.csv,18,17,0,0,0,
data/leaf_n10_experiment2/leaf_n10_reticulation_r0/10_0.05_96_binary_adj.csv,18,17,0,0,0,
data/leaf_n10_experiment2/leaf_n10_reticulation_r1/10_0.1_13_binary_adj.csv,20,20,1,1,1,3;1
data/leaf_n10_experiment2/leaf_n10_reticulation_r1/10_0.15_87_binary_adj.csv,20,20,1,1,1,4;1
data/leaf_n10_experiment2/leaf_n10_reticulation_r1/10_0.05_168_binary_adj.csv,20,20,1,1,1,4;1
data/leaf_n10_experiment2/leaf_n10_reticulation_r1/10_0.1_45_binary_adj.csv,20,20,1,1,1,6;1
data/leaf_n10_experiment2/leaf_n10_reticulation_r1/10_0.1_75_binary_adj.csv,20,20,1,1,1,5;1
data/leaf_n10_experiment2/leaf_n10_reticulation_r1/10_0.15_168_binary_adj.csv,20,20,1,1,1,6;1
data/leaf_n10_experiment2/leaf_n10_reticulation_r1/10_0.05_33_binary_adj.csv,20,20,1,1,1,3;1
data/leaf_n10_experiment2/leaf_n10_reticulation_r1/10_0.15_190_binary_adj.csv,20,20,1,1,1,4;1
data/leaf_n10_experiment2/leaf_n10_reticulation_r1/10_0.05_127_binary_adj.csv,20,20,1,1,1,3;1
data/leaf_n10_experiment2/leaf_n10_reticulation_r1/10_0.05_142_binary_adj.csv,20,20,1,1,1,4;1
data/leaf_n10_experiment2/leaf_n10_reticulation_r1/10_0.15_73_binary_adj.csv,20,20,1,1,1,4;1
data/leaf_n10_experiment2/leaf_n10_reticulation_r1/10_0.1_117_binary_adj.csv,20,20,1,1,1,5;1
data/leaf_n10_experiment2/leaf_n10_reticulation_r1/10_0.1_36_binary_adj.csv,20,20,1,1,1,3;1
data/leaf_n10_experiment2/leaf_n10_reticulation_r1/10_0.15_10_binary_adj.csv,20,20,1,1,1,5;1
data/leaf_n10_experiment2/leaf_n10_reticulation_r1/10_0.1_135_binary_adj.csv,20,20,1,1,1,5;1
data/leaf_n10_experiment2/leaf_n10_reticulation_r1/10_0.05_144_binary_adj.csv,20,20,1,1,1,4;1
data/leaf_n10_experiment2/leaf_n10_reticulation_r1/10_0.1_92_binary_adj.csv,20,20,1,1,1,6;1
data/leaf_n10_experiment2/leaf_n10_reticulation_r1/10_0.1_147_binary_adj.csv,20,20,1,1,1,3;1
data/leaf_n10_experiment2/leaf_n10_reticulation_r1/10_0.1_133_binary_adj.csv,20,20,1,1,1,3;1
data/leaf_n10_experiment2/leaf_n10_reticulation_r1/10_0.05_18_binary_adj.csv,20,20,1,1,1,6;1
data/leaf_n10_experiment2/leaf_n10_reticulation_r1/10_0.1_87_binary_adj.csv,20,20,1,1,1,3;1
data/leaf_n10_experiment2/leaf_n10_reticulation_r1/10_0.05_104_binary_adj.csv,20,20,1,1,1,5;1
data/leaf_n10_experiment2/leaf_n10_reticulation_r1/10_0.15_169_binary_adj.csv,20,20,1,1,1,3;1
data/leaf_n10_experiment2/leaf_n10_reticulation_r1/10_0.15_154_binary_adj.csv,20,20,1,1,1,7;1
data/leaf_n10_experiment2/leaf_n10_reticulation_r1/10_0.15_47_binary_adj.csv,20,20,1,1,1,6;1
data/leaf_n10_experiment2/leaf_n10_reticulation_r1/10_0.1_115_binary_adj.csv,20,20,1,1,1,4;1
data/leaf_n10_experiment2/leaf_n10_reticulation_r1/10_0.05_143_binary_adj.csv,20,20,1,1,1,3;1
data/leaf_n10_experiment2/leaf_n10_reticulation_r1/10_0.15_194_binary_adj.csv,20,20,1,1,1,5;1
data/leaf_n10_experiment2/leaf_n10_reticulation_r1/10_0.05_69_binary_adj.csv,20,20,1,1,1,3;1
data/leaf_n10_experiment2/leaf_n10_reticulation_r1/10_0.05_35_binary_adj.csv,20,20,1,1,1,7;1
data/leaf_n10_experiment2/leaf_n10_reticulation_r1/10_0.1_15_binary_adj.csv,20,20,1,1,1,4;1
data/leaf_n10_experiment2/leaf_n10_reticulation_r1/10_0.05_163_binary_adj.csv,20,20,1,1,1,5;1
data/leaf_n10_experiment2/leaf_n10_reticulation_r1/10_0.15_121_binary_adj.csv,20,20,1,1,1,5;1
data/leaf_n10_experiment2/leaf_n10_reticulation_r1/10_0.1_180_binary_adj.csv,20,20,1,1,1,5;1
data/leaf_n10_experiment2/leaf_n10_reticulation_r1/10_0.15_176_binary_adj.csv,20,20,1,1,1,4;1
data/leaf_n10_experiment2/leaf_n10_reticulation_r1/10_0.15_14_binary_adj.csv,20,20,1,1,1,6;1
data/leaf_n10_experiment2/leaf_n10_reticulation_r1/10_0.05_130_binary_adj.csv,20,20,1,1,1,3;1
data/leaf_n10_experiment2/leaf_n10_reticulation_r1/10_0.1_153_binary_adj.csv,20,20,1,1,1,5;1
data/leaf_n10_experiment2/leaf_n10_reticulation_r1/10_0.15_94_binary_adj.csv,20,20,1,1,1,4;1
data/leaf_n10_experiment2/leaf_n10_reticulation_r1/10_0.15_193_binary_adj.csv,20,20,1,1,1,4;1
data/leaf_n10_experiment2/leaf_n10_reticulation_r1/10_0.1_85_binary_adj.csv,20,20,1,1,1,5;1
data/leaf_n10_experiment2/leaf_n10_reticulation_r1/10_0.1_164_binary_adj.csv,20,20,1,1,1,5;1
data/leaf_n10_experiment2/leaf_n10_reticulation_r1/10_0.1_64_binary_adj.csv,20,20,1,1,1,4;1
data/leaf_n10_experiment2/leaf_n10_reticulation_r1/10_0.1_132_binary_adj.csv,20,20,1,1,1,5;1
data/leaf_n10_experiment2/leaf_n10_reticulation_r1/10_0.15_54_binary_adj.csv,20,20,1,1,1,5;1
data/leaf_n10_experiment2/leaf_n10_reticulation_r1/10_0.05_107_binary_adj.csv,20,20,1,1,1,5;1
data/leaf_n10_experiment2/leaf_n10_reticulation_r1/10_0.15_142_binary_adj.csv,20,20,1,1,1,3;1
data/leaf_n10_experiment2/leaf_n10_reticulation_r1/10_0.1_18_binary_adj.csv,20,20,1,1,1,5;1
data/leaf_n10_experiment2/leaf_n10_reticulation_r1/10_0.15_29_binary_adj.csv,20,20,1,1,1,3;1
data/leaf_n10_experiment2/leaf_n10_reticulation_r1/10_0.15_16_binary_adj.csv,20,20,1,1,1,7;1
data/leaf_n10_experiment2/leaf_n10_reticulation_r1/10_0.15_109_binary_adj.csv,20,20,1,1,1,3;1
data/leaf_n10_experiment2/leaf_n10_reticulation_r1/10_0.1_5_binary_adj.csv,20,20,1,1,1,5;1
data/leaf_n10_experiment2/leaf_n10_reticulation_r1/10_0.05_44_binary_adj.csv,20,20,1,1,1,4;1
data/leaf_n10_experiment2/leaf_n10_reticulation_r1/10_0.15_101_binary_adj.csv,20,20,1,1,1,3;1
data/leaf_n10_experiment2/leaf_n10_reticulation_r1/10_0.15_58_binary_adj.csv,20,20,1,1,1,5;1
data/leaf_n10_experiment2/leaf_n10_reticulation_r1/10_0.05_106_binary_adj.csv,20,20,1,1,1,4;1
data/leaf_n10_experiment2/leaf_n10_reticulation_r1/10_0.05_178_binary_adj.csv,20,20,1,1,1,4;1
data/leaf_n10_experiment2/leaf_n10_reticulation_r1/10_0.1_167_binary_adj.csv,20,20,1,1,1,3;1
data/leaf_n10_experiment2/leaf_n10_reticulation_r1/10_0.15_89_binary_adj.csv,20,20,1,1,1,4;1
data/leaf_n10_experiment2/leaf_n10_reticulation_r1/10_0.05_126_binary_adj.csv,20,20,1,1,1,6;1
data/leaf_n10_experiment2/leaf_n10_reticulation_r1/10_0.1_17_binary_adj.csv,20,20,1,1,1,7;1
data/leaf_n10_experiment2/leaf_n10_reticulation_r1/10_0.05_23_binary_adj.csv,20,20,1,1,1,4;1
data/leaf_n10_experiment2/leaf_n10_reticulation_r1/10_0.05_86_binary_adj.csv,20,20,1,1,1,3;1
data/leaf_n10_experiment2/leaf_n10_reticulation_r1/10_0.1_83_binary_adj.csv,20,20,1,1,1,4;1
data/leaf_n10_experiment2/leaf_n10_reticulation_r1/10_0.1_52_binary_adj.csv,20,20,1,1,1,3;1
data/leaf_n10_experiment2/leaf_n10_reticulation_r1/10_0.15_139_binary_adj.csv,20,20,1,1,1,3;1
data/leaf_n10_experiment2/leaf_n10_reticulation_r1/10_0.1_91_binary_adj.csv,20,20,1,1,1,5;1
data/leaf_n10_experiment2/leaf_n10_reticulation_r1/10_0.1_12_binary_adj.csv,20,20,1,1,1,3;1
data/leaf_n10_experiment2/leaf_n10_reticulation_r1/10_0.05_119_binary_adj.csv,20,20,1,1,1,6;1
data/leaf_n10_experiment2/leaf_n10_reticulation_r1/10_0.05_65_binary_adj.csv,20,20,1,1,1,3;1
data/leaf_n10_experiment2/leaf_n10_reticulation_r1/10_0.05_111_binary_adj.csv,20,20,1,1,1,5;1
data/leaf_n10_experiment2/leaf_n10_reticulation_r1/10_0.15_162_binary_adj.csv,20,20,1,1,1,3;1
data/leaf_n10_experiment2/leaf_n10_reticulation_r1/10_0.15_57_binary_adj.csv,20,20,1,1,1,8;1
data/leaf_n10_experiment2/leaf_n10_reticulation_r1/10_0.05_120_binary_adj.csv,20,20,1,1,1,3;1
data/leaf_n10_experiment2/leaf_n10_reticulation_r1/10_0.15_152_binary_adj.csv,20,20,1,1,1,3;1
data/leaf_n10_experiment2/leaf_n10_reticulation_r1/10_0.1_30_binary_adj.csv,20,20,1,1,1,3;1
data/leaf_n10_experiment2/leaf_n10_reticulation_r1/10_0.15_88_binary_adj.csv,20,20,1,1,1,5;1
data/leaf_n10_experiment2/leaf_n10_reticulation_r1/10_0.1_47_binary_adj.csv,20,20,1,1,1,4;1
data/leaf_n10_experiment2/leaf_n10_reticulation_r1/10_0.1_88_binary_adj.csv,20,20,1,1,1,3;1
data/leaf_n10_experiment2/leaf_n10_reticulation_r1/10_0.1_26_binary_adj.csv,20,20,1,1,1,3;1
data/leaf_n10_experiment2/leaf_n10_reticulation_r1/10_0.1_46_binary_adj.csv,20,20,1,1,1,4;1
data/leaf_n10_experiment2/leaf_n10_reticulation_r1/10_0.1_48_binary_adj.csv,20,20,1,1,1,5;1
data/leaf_n10_experiment2/leaf_n10_reticulation_r1/10_0.15_110_binary_adj.csv,20,20,1,1,1,4;1
data/leaf_n10_experiment2/leaf_n10_reticulation_r1/10_0.15_199_binary_adj.csv,20,20,1,1,1,3;1
data/leaf_n10_experiment2/leaf_n10_reticulation_r1/10_0.1_190_binary_adj.csv,20,20,1,1,1,8;1
data/leaf_n10_experiment2/leaf_n10_reticulation_r1/10_0.1_2_binary_adj.csv,20,20,1,1,1,7;1
data/leaf_n10_experiment2/leaf_n10_reticulation_r1/10_0.05_122_binary_adj.csv,20,20,1,1,1,4;1
data/leaf_n10_experiment2/leaf_n10_reticulation_r1/10_0.05_2_binary_adj.csv,20,20,1,1,1,7;1
data/leaf_n10_experiment2/leaf_n10_reticulation_r1/10_0.1_156_binary_adj.csv,20,20,1,1,1,6;1
data/leaf_n10_experiment2/leaf_n10_reticulation_r1/10_0.15_20_binary_adj.csv,20,20,1,1,1,6;1
data/leaf_n10_experiment2/leaf_n10_reticulation_r1/10_0.05_21_binary_adj.csv,20,20,1,1,1,4;1
data/leaf_n10_experiment2/leaf_n10_reticulation_r1/10_0.15_197_binary_adj.csv,20,20,1,1,1,5;1
data/leaf_n10_experiment2/leaf_n10_reticulation_r1/10_0.05_88_binary_adj.csv,20,20,1,1,1,6;1
data/leaf_n10_experiment2/leaf_n10_reticulation_r1/10_0.15_40_binary_adj.csv,20,20,1,1,1,5;1
data/leaf_n10_experiment2/leaf_n10_reticulation_r1/10_0.15_188_binary_adj.csv,20,20,1,1,1,4;1
data/leaf_n10_experiment2/leaf_n10_reticulation_r1/10_0.1_61_binary_adj.csv,20,20,1,1,1,3;1
data/leaf_n10_experiment2/leaf_n10_reticulation_r1/10_0.1_159_binary_adj.csv,20,20,1,1,1,5;1
data/leaf_n10_experiment2/leaf_n10_reticulation_r1/10_0.05_43_binary_adj.csv,20,20,1,1,1,4;1
data/leaf_n10_experiment2/leaf_n10_reticulation_r1/10_0.15_174_binary_adj.csv,20,20,1,1,1,6;1
data/leaf_n10_experiment2/leaf_n10_reticulation_r1/10_0.05_29_binary_adj.csv,20,20,1,1,1,8;1
data/leaf_n10_experiment2/leaf_n10_reticulation_r1/10_0.1_68_binary_adj.csv,20,20,1,1,1,3;1
data/leaf_n10_experiment2/leaf_n10_reticulation_r1/10_0.1_50_binary_adj.csv,20,20,1,1,1,6;1
data/leaf_n10_experiment2/leaf_n10_reticulation_r1/10_0.15_120_binary_adj.csv,20,20,1,1,1,4;1
data/leaf_n10_experiment2/leaf_n10_reticulation_r1/10_0.15_53_binary_adj.csv,20,20,1,1,1,3;1
data/leaf_n10_experiment2/leaf_n10_reticulation_r1/10_0.05_124_binary_adj.csv,20,20,1,1,1,7;1
data/leaf_n10_experiment2/leaf_n10_reticulation_r1/10_0.05_113_binary_adj.csv,20,20,1,1,1,4;1
data/leaf_n10_experiment2/leaf_n10_reticulation_r1/10_0.05_140_binary_adj.csv,20,20,1,1,1,3;1
data/leaf_n10_experiment2/leaf_n10_reticulation_r1/10_0.15_106_binary_adj.csv,20,20,1,1,1,3;1
data/leaf_n10_experiment2/leaf_n10_reticulation_r1/10_0.15_170_binary_adj.csv,20,20,1,1,1,3;1
data/leaf_n10_experiment2/leaf_n10_reticulation_r1/10_0.05_80_binary_adj.csv,20,20,1,1,1,7;1
data/leaf_n10_experiment2/leaf_n10_reticulation_r1/10_0.1_37_binary_adj.csv,20,20,1,1,1,6;1
data/leaf_n10_experiment2/leaf_n10_reticulation_r1/10_0.05_125_binary_adj.csv,20,20,1,1,1,5;1
data/leaf_n10_experiment2/leaf_n10_reticulation_r1/10_0.1_29_binary_adj.csv,20,20,1,1,1,4;1
data/leaf_n10_experiment2/leaf_n10_reticulation_r1/10_0.05_116_binary_adj.csv,20,20,1,1,1,4;1
data/leaf_n10_experiment2/leaf_n10_reticulation_r1/10_0.05_166_binary_adj.csv,20,20,1,1,1,4;1
data/leaf_n10_experiment2/leaf_n10_reticulation_r1/10_0.15_44_binary_adj.csv,20,20,1,1,1,3;1
data/leaf_n10_experiment2/leaf_n10_reticulation_r1/10_0.1_143_binary_adj.csv,20,20,1,1,1,4;1
data/leaf_n10_experiment2/leaf_n10_reticulation_r1/10_0.05_100_binary_adj.csv,20,20,1,1,1,5;1
data/leaf_n10_experiment2/leaf_n10_reticulation_r1/10_0.1_127_binary_adj.csv,20,20,1,1,1,7;1
data/leaf_n10_experiment2/leaf_n10_reticulation_r1/10_0.1_11_binary_adj.csv,20,20,1,1,1,6;1
data/leaf_n10_experiment2/leaf_n10_reticulation_r1/10_0.1_101_binary_adj.csv,20,20,1,1,1,6;1
data/leaf_n10_experiment2/leaf_n10_reticulation_r1/10_0.1_28_binary_adj.csv,20,20,1,1,1,3;1
data/leaf_n10_experiment2/leaf_n10_reticulation_r1/10_0.15_11_binary_adj.csv,20,20,1,1,1,3;1
data/leaf_n10_experiment2/leaf_n10_reticulation_r1/10_0.05_180_binary_adj.csv,20,20,1,1,1,5;1
data/leaf_n10_experiment2/leaf_n10_reticulation_r1/10_0.1_54_binary_adj.csv,20,20,1,1,1,3;1
data/leaf_n10_experiment2/leaf_n10_reticulation_r1/10_0.05_59_binary_adj.csv,20,20,1,1,1,3;1
data/leaf_n10_experiment2/leaf_n10_reticulation_r1/10_0.1_53_binary_adj.csv,20,20,1,1,1,3;1
data/leaf_n10_experiment2/leaf_n10_reticulation_r1/10_0.1_194_binary_adj.csv,20,20,1,1,1,4;1
data/leaf_n10_experiment2/leaf_n10_reticulation_r1/10_0.1_42_binary_adj.csv,20,20,1,1,1,3;1
data/leaf_n10_experiment2/leaf_n10_reticulation_r1/10_0.1_70_binary_adj.csv,20,20,1,1,1,3;1
data/leaf_n10_experiment2/leaf_n10_reticulation_r1/10_0.15_171_binary_adj.csv,20,20,1,1,1,7;1
data/leaf_n10_experiment2/leaf_n10_reticulation_r1/10_0.15_38_binary_adj.csv,20,20,1,1,1,6;1
data/leaf_n10_experiment2/leaf_n10_reticulation_r1/10_0.1_169_binary_adj.csv,20,20,1,1,1,3;1
data/leaf_n10_experiment2/leaf_n10_reticulation_r1/10_0.1_34_binary_adj.csv,20,20,1,1,1,6;1
data/leaf_n10_experiment2/leaf_n10_reticulation_r1/10_0.05_52_binary_adj.csv,20,20,1,1,1,4;1
data/leaf_n10_experiment2/leaf_n10_reticulation_r1/10_0.15_45_binary_adj.csv,20,20,1,1,1,3;1
data/leaf_n10_experiment2/leaf_n10_reticulation_r1/10_0.1_176_binary_adj.csv,20,20,1,1,1,5;1
data/leaf_n10_experiment2/leaf_n10_reticulation_r1/10_0.1_126_binary_adj.csv,20,20,1,1,1,5;1
data/leaf_n10_experiment2/leaf_n10_reticulation_r1/10_0.15_115_binary_adj.csv,20,20,1,1,1,3;1
data/leaf_n10_experiment2/leaf_n10_reticulation_r1/10_0.05_46_binary_adj.csv,20,20,1,1,1,5;1
data/leaf_n10_experiment2/leaf_n10_reticulation_r1/10_0.05_5_binary_adj.csv,20,20,1,1,1,4;1
data/leaf_n10_experiment2/leaf_n10_reticulation_r1/10_0.15_131_binary_adj.csv,20,20,1,1,1,6;1
data/leaf_n10_experiment2/leaf_n10_reticulation_r1/10_0.15_33_binary_adj.csv,20,20,1,1,1,3;1
data/leaf_n10_experiment2/leaf_n10_reticulation_r1/10_0.05_90_binary_adj.csv,20,20,1,1,1,4;1
data/leaf_n10_experiment2/leaf_n10_reticulation_r1/10_0.1_99_binary_adj.csv,20,20,1,1,1,4;1
data/leaf_n10_experiment2/leaf_n10_reticulation_r1/10_0.1_72_binary_adj.csv,20,20,1,1,1,4;1
data/leaf_n10_experiment2/leaf_n10_reticulation_r1/10_0.15_100_binary_adj.csv,20,20,1,1,1,3;1
data/leaf_n10_experiment2/leaf_n10_reticulation_r1/10_0.15_95_binary_adj.csv,20,20,1,1,1,3;1
data/leaf_n10_experiment2/leaf_n10_reticulation_r1/10_0.05_193_binary_adj.csv,20,20,1,1,1,3;1
data/leaf_n10_experiment2/leaf_n10_reticulation_r1/10_0.05_114_binary_adj.csv,20,20,1,1,1,4;1
data/leaf_n10_experiment2/leaf_n10_reticulation_r1/10_0.15_55_binary_adj.csv,20,20,1,1,1,7;1
data/leaf_n10_experiment2/leaf_n10_reticulation_r1/10_0.15_104_binary_adj.csv,20,20,1,1,1,3;1
data/leaf_n10_experiment2/leaf_n10_reticulation_r1/10_0.1_189_binary_adj.csv,20,20,1,1,1,3;1
data/leaf_n10_experiment2/leaf_n10_reticulation_r1/10_0.15_93_binary_adj.csv,20,20,1,1,1,5;1
data/leaf_n10_experiment2/leaf_n10_reticulation_r1/10_0.1_166_binary_adj.csv,20,20,1,1,1,6;1
data/leaf_n10_experiment2/leaf_n10_reticulation_r1/10_0.1_55_binary_adj.csv,20,20,1,1,1,3;1
data/leaf_n10_experiment2/leaf_n10_reticulation_r1/10_0.1_109_binary_adj.csv,20,20,1,1,1,4;1
data/leaf_n10_experiment2/leaf_n10_reticulation_r1/10_0.05_27_binary_adj.csv,20,20,1,1,1,5;1
data/leaf_n10_experiment2/leaf_n10_reticulation_r1/10_0.1_8_binary_adj.csv,20,20,1,1,1,3;1
data/leaf_n10_experiment2/leaf_n10_reticulation_r1/10_0.15_99_binary_adj.csv,20,20,1,1,1,6;1
data/leaf_n10_experiment2/leaf_n10_reticulation_r1/10_0.15_19_binary_adj.csv,20,20,1,1,1,3;1
data/leaf_n10_experiment2/leaf_n10_reticulation_r1/10_0.1_22_binary_adj.csv,20,20,1,1,1,5;1
data/leaf_n10_experiment2/leaf_n10_reticulation_r1/10_0.1_114_binary_adj.csv,20,20,1,1,1,6;1
data/leaf_n10_experiment2/leaf_n10_reticulation_r1/10_0.05_92_binary_adj.csv,20,20,1,1,1,3;1
data/leaf_n10_experiment2/leaf_n10_reticulation_r1/10_0.1_58_binary_adj.csv,20,20,1,1,1,5;1
data/leaf_n10_experiment2/leaf_n10_reticulation_r1/10_0.15_74_binary_adj.csv,20,20,1,1,1,5;1
data/leaf_n10_experiment2/leaf_n10_reticulation_r1/10_0.15_52_binary_adj.csv,20,20,1,1,1,7;1
data/leaf_n10_experiment2/leaf_n10_reticulation_r1/10_0.05_159_binary_adj.csv,20,20,1,1,1,6;1
data/leaf_n10_experiment2/leaf_n10_reticulation_r1/10_0.1_82_binary_adj.csv,20,20,1,1,1,3;1
data/leaf_n10_experiment2/leaf_n10_reticulation_r1/10_0.1_20_binary_adj.csv,20,20,1,1,1,4;1
data/leaf_n10_experiment2/leaf_n10_reticulation_r8/10_0.15_13_binary_adj.csv,34,41,8,8,1,21;8
data/leaf_n10_experiment2/leaf_n10_reticulation_r10/10_0.15_30_binary_adj.csv,38,47,10,10,1,24;10
data/leaf_n10_experiment2/leaf_n10_reticulation_r4/10_0.1_98_binary_adj.csv,26,29,4,4,1,12;4
data/leaf_n10_experiment2/leaf_n10_reticulation_r4/10_0.15_23_binary_adj.csv,26,29,4,4,1,13;4
data/leaf_n10_experiment2/leaf_n10_reticulation_r4/10_0.15_48_binary_adj.csv,26,29,4,3,2,3;1|7;3
data/leaf_n10_experiment2/leaf_n10_reticulation_r4/10_0.15_103_binary_adj.csv,26,29,4,4,1,14;4
data/leaf_n10_experiment2/leaf_n10_reticulation_r4/10_0.15_195_binary_adj.csv,26,29,4,4,1,11;4
data/leaf_n10_experiment2/leaf_n10_reticulation_r4/10_0.15_163_binary_adj.csv,26,29,4,4,1,13;4
data/leaf_n10_experiment2/leaf_n10_reticulation_r4/10_0.15_32_binary_adj.csv,26,29,4,4,1,13;4
data/leaf_n10_experiment2/leaf_n10_reticulation_r4/10_0.15_69_binary_adj.csv,26,29,4,4,1,12;4
data/leaf_n10_experiment2/leaf_n10_reticulation_r4/10_0.15_141_binary_adj.csv,26,29,4,4,1,12;4
data/leaf_n10_experiment2/leaf_n10_reticulation_r4/10_0.15_77_binary_adj.csv,26,29,4,4,1,12;4
data/leaf_n10_experiment2/leaf_n10_reticulation_r4/10_0.15_36_binary_adj.csv,26,29,4,3,2,4;1|10;3
data/leaf_n10_experiment2/leaf_n10_reticulation_r4/10_0.15_31_binary_adj.csv,26,29,4,4,1,15;4
data/leaf_n10_experiment2/leaf_n10_reticulation_r4/10_0.15_50_binary_adj.csv,26,29,4,4,1,15;4
data/leaf_n10_experiment2/leaf_n10_reticulation_r4/10_0.15_177_binary_adj.csv,26,29,4,2,2,4;2|7;2
data/leaf_n10_experiment2/leaf_n10_reticulation_r4/10_0.15_160_binary_adj.csv,26,29,4,4,1,11;4
data/leaf_n10_experiment2/leaf_n10_reticulation_r4/10_0.15_67_binary_adj.csv,26,29,4,3,2,6;3|5;1
data/leaf_n10_experiment2/leaf_n10_reticulation_r4/10_0.15_17_binary_adj.csv,26,29,4,4,1,11;4
data/leaf_n10_experiment2/leaf_n10_reticulation_r4/10_0.15_118_binary_adj.csv,26,29,4,4,1,10;4
data/leaf_n10_experiment2/leaf_n10_reticulation_r4/10_0.15_114_binary_adj.csv,26,29,4,4,1,10;4
data/leaf_n10_experiment2/leaf_n10_reticulation_r4/10_0.15_21_binary_adj.csv,26,29,4,2,3,3;1|6;2|3;1
data/leaf_n10_experiment2/leaf_n10_reticulation_r4/10_0.15_119_binary_adj.csv,26,29,4,4,1,14;4
data/leaf_n10_experiment2/leaf_n10_reticulation_r4/10_0.1_4_binary_adj.csv,26,29,4,4,1,11;4
data/leaf_n10_experiment2/leaf_n10_reticulation_r4/10_0.1_199_binary_adj.csv,26,29,4,4,1,15;4
data/leaf_n10_experiment2/leaf_n10_reticulation_r6/10_0.15_172_binary_adj.csv,30,35,6,6,1,17;6
data/leaf_n10_experiment2/leaf_n10_reticulation_r2/10_0.05_62_binary_adj.csv,22,23,2,2,1,7;2
data/leaf_n10_experiment2/leaf_n10_reticulation_r2/10_0.15_136_binary_adj.csv,22,23,2,2,1,7;2
data/leaf_n10_experiment2/leaf_n10_reticulation_r2/10_0.05_53_binary_adj.csv,22,23,2,2,1,5;2
data/leaf_n10_experiment2/leaf_n10_reticulation_r2/10_0.1_76_binary_adj.csv,22,23,2,2,1,6;2
data/leaf_n10_experiment2/leaf_n10_reticulation_r2/10_0.15_46_binary_adj.csv,22,23,2,2,1,9;2
data/leaf_n10_experiment2/leaf_n10_reticulation_r2/10_0.1_157_binary_adj.csv,22,23,2,2,1,6;2
data/leaf_n10_experiment2/leaf_n10_reticulation_r2/10_0.1_102_binary_adj.csv,22,23,2,2,1,7;2
data/leaf_n10_experiment2/leaf_n10_reticulation_r2/10_0.15_200_binary_adj.csv,22,23,2,2,1,6;2
data/leaf_n10_experiment2/leaf_n10_reticulation_r2/10_0.05_176_binary_adj.csv,22,23,2,2,1,7;2
data/leaf_n10_experiment2/leaf_n10_reticulation_r2/10_0.15_133_binary_adj.csv,22,23,2,2,1,11;2
data/leaf_n10_experiment2/leaf_n10_reticulation_r2/10_0.15_137_binary_adj.csv,22,23,2,2,1,7;2
data/leaf_n10_experiment2/leaf_n10_reticulation_r2/10_0.1_130_binary_adj.csv,22,23,2,2,1,6;2
data/leaf_n10_experiment2/leaf_n10_reticulation_r2/10_0.1_95_binary_adj.csv,22,23,2,2,1,6;2
data/leaf_n10_experiment2/leaf_n10_reticulation_r2/10_0.15_75_binary_adj.csv,22,23,2,2,1,8;2
data/leaf_n10_experiment2/leaf_n10_reticulation_r2/10_0.15_61_binary_adj.csv,22,23,2,2,1,6;2
data/leaf_n10_experiment2/leaf_n10_reticulation_r2/10_0.15_91_binary_adj.csv,22,23,2,2,1,7;2
data/leaf_n10_experiment2/leaf_n10_reticulation_r2/10_0.15_83_binary_adj.csv,22,23,2,1,2,3;1|5;1
data/leaf_n10_experiment2/leaf_n10_reticulation_r2/10_0.1_148_binary_adj.csv,22,23,2,2,1,10;2
data/leaf_n10_experiment2/leaf_n10_reticulation_r2/10_0.1_142_binary_adj.csv,22,23,2,2,1,9;2
data/leaf_n10_experiment2/leaf_n10_reticulation_r2/10_0.15_167_binary_adj.csv,22,23,2,1,2,3;1|5;1
data/leaf_n10_experiment2/leaf_n10_reticulation_r2/10_0.15_117_binary_adj.csv,22,23,2,1,2,3;1|4;1
data/leaf_n10_experiment2/leaf_n10_reticulation_r2/10_0.15_9_binary_adj.csv,22,23,2,2,1,8;2
data/leaf_n10_experiment2/leaf_n10_reticulation_r2/10_0.05_153_binary_adj.csv,22,23,2,2,1,8;2
data/leaf_n10_experiment2/leaf_n10_reticulation_r2/10_0.15_127_binary_adj.csv,22,23,2,1,2,3;1|3;1
data/leaf_n10_experiment2/leaf_n10_reticulation_r2/10_0.05_136_binary_adj.csv,22,23,2,2,1,9;2
data/leaf_n10_experiment2/leaf_n10_reticulation_r2/10_0.1_27_binary_adj.csv,22,23,2,2,1,4;2
data/leaf_n10_experiment2/leaf_n10_reticulation_r2/10_0.1_183_binary_adj.csv,22,23,2,2,1,9;2
data/leaf_n10_experiment2/leaf_n10_reticulation_r2/10_0.1_40_binary_adj.csv,22,23,2,1,2,3;1|4;1
data/leaf_n10_experiment2/leaf_n10_reticulation_r2/10_0.1_66_binary_adj.csv,22,23,2,2,1,9;2
data/leaf_n10_experiment2/leaf_n10_reticulation_r2/10_0.15_192_binary_adj.csv,22,23,2,2,1,6;2
data/leaf_n10_experiment2/leaf_n10_reticulation_r2/10_0.1_191_binary_adj.csv,22,23,2,1,2,3;1|3;1
data/leaf_n10_experiment2/leaf_n10_reticulation_r2/10_0.15_81_binary_adj.csv,22,23,2,2,1,8;2
data/leaf_n10_experiment2/leaf_n10_reticulation_r2/10_0.15_116_binary_adj.csv,22,23,2,2,1,5;2
data/leaf_n10_experiment2/leaf_n10_reticulation_r2/10_0.1_49_binary_adj.csv,22,23,2,1,2,3;1|4;1
data/leaf_n10_experiment2/leaf_n10_reticulation_r2/10_0.15_156_binary_adj.csv,22,23,2,2,1,8;2
data/leaf_n10_experiment2/leaf_n10_reticulation_r2/10_0.15_28_binary_adj.csv,22,23,2,2,1,4;2
data/leaf_n10_experiment2/leaf_n10_reticulation_r2/10_0.15_181_binary_adj.csv,22,23,2,2,1,4;2
data/leaf_n10_experiment2/leaf_n10_reticulation_r2/10_0.15_7_binary_adj.csv,22,23,2,2,1,4;2
data/leaf_n10_experiment2/leaf_n10_reticulation_r2/10_0.1_125_binary_adj.csv,22,23,2,1,2,5;1|3;1
data/leaf_n10_experiment2/leaf_n10_reticulation_r2/10_0.15_158_binary_adj.csv,22,23,2,2,1,7;2
data/leaf_n10_experiment2/leaf_n10_reticulation_r2/10_0.15_147_binary_adj.csv,22,23,2,2,1,4;2
data/leaf_n10_experiment2/leaf_n10_reticulation_r2/10_0.15_183_binary_adj.csv,22,23,2,2,1,7;2
data/leaf_n10_experiment2/leaf_n10_reticulation_r2/10_0.15_134_binary_adj.csv,22,23,2,2,1,7;2
data/leaf_n10_experiment2/leaf_n10_reticulation_r2/10_0.05_197_binary_adj.csv,22,23,2,2,1,8;2
data/leaf_n10_experiment2/leaf_n10_reticulation_r2/10_0.15_35_binary_adj.csv,22,23,2,2,1,8;2
data/leaf_n10_experiment2/leaf_n10_reticulation_r2/10_0.1_3_binary_adj.csv,22,23,2,1,2,5;1|5;1
data/leaf_n10_experiment2/leaf_n10_reticulation_r2/10_0.15_70_binary_adj.csv,22,23,2,2,1,9;2
data/leaf_n10_experiment2/leaf_n10_reticulation_r2/10_0.1_138_binary_adj.csv,22,23,2,2,1,5;2
data/leaf_n10_experiment2/leaf_n10_reticulation_r2/10_0.1_196_binary_adj.csv,22,23,2,1,2,6;1|3;1
data/leaf_n10_experiment2/leaf_n10_reticulation_r2/10_0.05_155_binary_adj.csv,22,23,2,2,1,6;2
data/leaf_n10_experiment2/leaf_n10_reticulation_r2/10_0.15_184_binary_adj.csv,22,23,2,1,2,4;1|4;1
data/leaf_n10_experiment2/leaf_n10_reticulation_r2/10_0.1_21_binary_adj.csv,22,23,2,2,1,8;2
data/leaf_n10_experiment2/leaf_n10_reticulation_r2/10_0.05_85_binary_adj.csv,22,23,2,2,1,6;2
data/leaf_n10_experiment2/leaf_n10_reticulation_r2/10_0.15_66_binary_adj.csv,22,23,2,2,1,8;2
data/leaf_n10_experiment2/leaf_n10_reticulation_r2/10_0.15_122_binary_adj.csv,22,23,2,1,2,4;1|4;1
data/leaf_n10_experiment2/leaf_n10_reticulation_r2/10_0.1_170_binary_adj.csv,22,23,2,2,1,8;2
data/leaf_n10_experiment2/leaf_n10_reticulation_r2/10_0.1_172_binary_adj.csv,22,23,2,2,1,6;2
data/leaf_n20_experiment3/leaf_n20_reticulation_r9/20_0.15_77_binary_adj.csv,56,64,9,9,1,24;9
data/leaf_n20_experiment3/leaf_n20_reticulation_r9/20_0.15_52_binary_adj.csv,56,64,9,9,1,29;9
data/leaf_n20_experiment3/leaf_n20_reticulation_r9/20_0.15_111_binary_adj.csv,56,64,9,6,2,19;6|6;3
data/leaf_n20_experiment3/leaf_n20_reticulation_r9/20_0.15_178_binary_adj.csv,56,64,9,9,1,30;9
data/leaf_n20_experiment3/leaf_n20_reticulation_r9/20_0.1_62_binary_adj.csv,56,64,9,9,1,29;9
data/leaf_n20_experiment3/leaf_n20_reticulation_r12/20_0.15_199_binary_adj.csv,62,73,12,12,1,37;12
data/leaf_n20_experiment3/leaf_n20_reticulation_r12/20_0.15_194_binary_adj.csv,62,73,12,11,2,3;1|33;11
data/leaf_n20_experiment3/leaf_n20_reticulation_r2/20_0.15_67_binary_adj.csv,42,43,2,2,1,9;2
data/leaf_n20_experiment3/leaf_n20_reticulation_r2/20_0.1_131_binary_adj.csv,42,43,2,1,2,5;1|4;1
data/leaf_n20_experiment3/leaf_n20_reticulation_r2/20_0.1_134_binary_adj.csv,42,43,2,2,1,11;2
data/leaf_n20_experiment3/leaf_n20_reticulation_r2/20_0.15_20_binary_adj.csv,42,43,2,1,2,7;1|5;1
data/leaf_n20_experiment3/leaf_n20_reticulation_r2/20_0.15_191_binary_adj.csv,42,43,2,1,2,3;1|8;1
data/leaf_n20_experiment3/leaf_n20_reticulation_r2/20_0.15_138_binary_adj.csv,42,43,2,2,1,10;2
data/leaf_n20_experiment3/leaf_n20_reticulation_r2/20_0.05_69_binary_adj.csv,42,43,2,1,2,4;1|5;1
data/leaf_n20_experiment3/leaf_n20_reticulation_r2/20_0.1_1_binary_adj.csv,42,43,2,1,2,5;1|9;1
data/leaf_n20_experiment3/leaf_n20_reticulation_r2/20_0.15_95_binary_adj.csv,42,43,2,2,1,12;2
data/leaf_n20_experiment3/leaf_n20_reticulation_r2/20_0.15_39_binary_adj.csv,42,43,2,2,1,11;2
data/leaf_n20_experiment3/leaf_n20_reticulation_r2/20_0.05_22_binary_adj.csv,42,43,2,2,1,8;2
data/leaf_n20_experiment3/leaf_n20_reticulation_r2/20_0.15_134_binary_adj.csv,42,43,2,2,1,8;2
data/leaf_n20_experiment3/leaf_n20_reticulation_r2/20_0.1_144_binary_adj.csv,42,43,2,1,2,6;1|4;1
data/leaf_n20_experiment3/leaf_n20_reticulation_r2/20_0.05_82_binary_adj.csv,42,43,2,2,1,7;2
data/leaf_n20_experiment3/leaf_n20_reticulation_r2/20_0.05_105_binary_adj.csv,42,43,2,2,1,7;2
data/leaf_n20_experiment3/leaf_n20_reticulation_r2/20_0.1_91_binary_adj.csv,42,43,2,2,1,12;2
data/leaf_n20_experiment3/leaf_n20_reticulation_r2/20_0.15_78_binary_adj.csv,42,43,2,2,1,11;2
data/leaf_n20_experiment3/leaf_n20_reticulation_r2/20_0.1_51_binary_adj.csv,42,43,2,2,1,13;2
data/leaf_n20_experiment3/leaf_n20_reticulation_r2/20_0.1_89_binary_adj.csv,42,43,2,2,1,12;2
data/leaf_n20_experiment3/leaf_n20_reticulation_r2/20_0.1_33_binary_adj.csv,42,43,2,2,1,8;2
data/leaf_n20_experiment3/leaf_n20_reticulation_r2/20_0.05_136_binary_adj.csv,42,43,2,2,1,9;2
data/leaf_n20_experiment3/leaf_n20_reticulation_r2/20_0.05_184_binary_adj.csv,42,43,2,2,1,7;2
data/leaf_n20_experiment3/leaf_n20_reticulation_r2/20_0.05_46_binary_adj.csv,42,43,2,2,1,6;2
data/leaf_n20_experiment3/leaf_n20_reticulation_r2/20_0.1_115_binary_adj.csv,42,43,2,1,2,3;1|4;1
data/leaf_n20_experiment3/leaf_n20_reticulation_r2/20_0.15_113_binary_adj.csv,42,43,2,2,1,13;2
data/leaf_n20_experiment3/leaf_n20_reticulation_r2/20_0.05_14_binary_adj.csv,42,43,2,2,1,8;2
data/leaf_n20_experiment3/leaf_n20_reticulation_r2/20_0.05_193_binary_adj.csv,42,43,2,2,1,9;2
data/leaf_n20_experiment3/leaf_n20_reticulation_r2/20_0.15_44_binary_adj.csv,42,43,2,1,2,3;1|9;1
data/leaf_n20_experiment3/leaf_n20_reticulation_r2/20_0.1_138_binary_adj.csv,42,43,2,2,1,10;2
data/leaf_n20_experiment3/leaf_n20_reticulation_r2/20_0.15_116_binary_adj.csv,42,43,2,1,2,7;1|4;1
data/leaf_n20_experiment3/leaf_n20_reticulation_r2/20_0.05_199_binary_adj.csv,42,43,2,2,1,10;2
data/leaf_n20_experiment3/leaf_n20_reticulation_r2/20_0.1_65_binary_adj.csv,42,43,2,2,1,10;2
data/leaf_n20_experiment3/leaf_n20_reticulation_r2/20_0.1_20_binary_adj.csv,42,43,2,2,1,9;2
data/leaf_n20_experiment3/leaf_n20_reticulation_r2/20_0.1_72_binary_adj.csv,42,43,2,1,2,3;1|3;1
data/leaf_n20_experiment3/leaf_n20_reticulation_r2/20_0.15_56_binary_adj.csv,42,43,2,2,1,9;2
data/leaf_n20_experiment3/leaf_n20_reticulation_r2/20_0.05_168_binary_adj.csv,42,43,2,1,2,3;1|9;1
data/leaf_n20_experiment3/leaf_n20_reticulation_r2/20_0.15_47_binary_adj.csv,42,43,2,2,1,8;2
data/leaf_n20_experiment3/leaf_n20_reticulation_r2/20_0.1_102_binary_adj.csv,42,43,2,1,2,6;1|5;1
data/leaf_n20_experiment3/leaf_n20_reticulation_r2/20_0.1_166_binary_adj.csv,42,43,2,2,1,9;2
data/leaf_n20_experiment3/leaf_n20_reticulation_r2/20_0.15_141_binary_adj.csv,42,43,2,2,1,13;2
data/leaf_n20_experiment3/leaf_n20_reticulation_r2/20_0.05_13_binary_adj.csv,42,43,2,2,1,8;2
data/leaf_n20_experiment3/leaf_n20_reticulation_r2/20_0.05_131_binary_adj.csv,42,43,2,2,1,12;2
data/leaf_n20_experiment3/leaf_n20_reticulation_r2/20_0.1_73_binary_adj.csv,42,43,2,2,1,4;2
data/leaf_n20_experiment3/leaf_n20_reticulation_r2/20_0.05_160_binary_adj.csv,42,43,2,1,2,3;1|3;1
data/leaf_n20_experiment3/leaf_n20_reticulation_r2/20_0.1_26_binary_adj.csv,42,43,2,1,2,5;1|6;1
data/leaf_n20_experiment3/leaf_n20_reticulation_r2/20_0.1_2_binary_adj.csv,42,43,2,2,1,7;2
data/leaf_n20_experiment3/leaf_n20_reticulation_r2/20_0.05_63_binary_adj.csv,42,43,2,2,1,8;2
data/leaf_n20_experiment3/leaf_n20_reticulation_r2/20_0.15_200_binary_adj.csv,42,43,2,1,2,3;1|6;1
data/leaf_n20_experiment3/leaf_n20_reticulation_r2/20_0.1_7_binary_adj.csv,42,43,2,2,1,12;2
data/leaf_n20_experiment3/leaf_n20_reticulation_r2/20_0.05_89_binary_adj.csv,42,43,2,2,1,14;2
data/leaf_n20_experiment3/leaf_n20_reticulation_r2/20_0.1_106_binary_adj.csv,42,43,2,2,1,11;2
data/leaf_n20_experiment3/leaf_n20_reticulation_r2/20_0.1_194_binary_adj.csv,42,43,2,2,1,8;2
data/leaf_n20_experiment3/leaf_n20_reticulation_r2/20_0.15_50_binary_adj.csv,42,43,2,1,2,4;1|3;1
data/leaf_n20_experiment3/leaf_n20_reticulation_r2/20_0.15_183_binary_adj.csv,42,43,2,1,2,9;1|6;1
data/leaf_n20_experiment3/leaf_n20_reticulation_r2/20_0.15_108_binary_adj.csv,42,43,2,2,1,9;2
data/leaf_n20_experiment3/leaf_n20_reticulation_r2/20_0.05_189_binary_adj.csv,42,43,2,2,1,7;2
data/leaf_n20_experiment3/leaf_n20_reticulation_r2/20_0.1_19_binary_adj.csv,42,43,2,2,1,7;2
data/leaf_n20_experiment3/leaf_n20_reticulation_r2/20_0.1_83_binary_adj.csv,42,43,2,2,1,7;2
data/leaf_n20_experiment3/leaf_n20_reticulation_r2/20_0.15_175_binary_adj.csv,42,43,2,1,2,4;1|7;1
data/leaf_n20_experiment3/leaf_n20_reticulation_r2/20_0.15_5_binary_adj.csv,42,43,2,2,1,9;2
data/leaf_n20_experiment3/leaf_n20_reticulation_r2/20_0.1_114_binary_adj.csv,42,43,2,2,1,8;2
data/leaf_n20_experiment3/leaf_n20_reticulation_r2/20_0.1_192_binary_adj.csv,42,43,2,2,1,11;2
data/leaf_n20_experiment3/leaf_n20_reticulation_r2/20_0.15_63_binary_adj.csv,42,43,2,2,1,5;2
data/leaf_n20_experiment3/leaf_n20_reticulation_r2/20_0.05_178_binary_adj.csv,42,43,2,2,1,8;2
data/leaf_n20_experiment3/leaf_n20_reticulation_r2/20_0.1_184_binary_adj.csv,42,43,2,2,1,12;2
data/leaf_n20_experiment3/leaf_n20_reticulation_r2/20_0.05_188_binary_adj.csv,42,43,2,2,1,8;2
data/leaf_n20_experiment3/leaf_n20_reticulation_r2/20_0.1_141_binary_adj.csv,42,43,2,2,1,8;2
data/leaf_n20_experiment3/leaf_n20_reticulation_r2/20_0.15_27_binary_adj.csv,42,43,2,2,1,12;2
data/leaf_n20_experiment3/leaf_n20_reticulation_r2/20_0.1_46_binary_adj.csv,42,43,2,2,1,7;2
data/leaf_n20_experiment3/leaf_n20_reticulation_r2/20_0.15_153_binary_adj.csv,42,43,2,2,1,11;2
data/leaf_n20_experiment3/leaf_n20_reticulation_r2/20_0.05_172_binary_adj.csv,42,43,2,1,2,3;1|7;1
data/leaf_n20_experiment3/leaf_n20_reticulation_r2/20_0.05_3_binary_adj.csv,42,43,2,2,1,12;2
data/leaf_n20_experiment3/leaf_n20_reticulation_r2/20_0.05_44_binary_adj.csv,42,43,2,2,1,7;2
data/leaf_n20_experiment3/leaf_n20_reticulation_r2/20_0.1_107_binary_adj.csv,42,43,2,2,1,10;2
data/leaf_n20_experiment3/leaf_n20_reticulation_r2/20_0.05_11_binary_adj.csv,42,43,2,2,1,9;2
data/leaf_n20_experiment3/leaf_n20_reticulation_r2/20_0.1_121_binary_adj.csv,42,43,2,2,1,8;2
data/leaf_n20_experiment3/leaf_n20_reticulation_r2/20_0.1_10_binary_adj.csv,42,43,2,1,2,4;1|9;1
data/leaf_n20_experiment3/leaf_n20_reticulation_r2/20_0.1_38_binary_adj.csv,42,43,2,2,1,12;2
data/leaf_n20_experiment3/leaf_n20_reticulation_r2/20_0.1_152_binary_adj.csv,42,43,2,2,1,10;2
data/leaf_n20_experiment3/leaf_n20_reticulation_r2/20_0.15_51_binary_adj.csv,42,43,2,2,1,5;2
data/leaf_n20_experiment3/leaf_n20_reticulation_r2/20_0.15_196_binary_adj.csv,42,43,2,1,2,3;1|9;1
data/leaf_n20_experiment3/leaf_n20_reticulation_r2/20_0.15_40_binary_adj.csv,42,43,2,2,1,7;2
data/leaf_n20_experiment3/leaf_n20_reticulation_r2/20_0.1_14_binary_adj.csv,42,43,2,2,1,14;2
data/leaf_n20_experiment3/leaf_n20_reticulation_r2/20_0.15_189_binary_adj.csv,42,43,2,2,1,7;2
data/leaf_n20_experiment3/leaf_n20_reticulation_r2/20_0.15_15_binary_adj.csv,42,43,2,1,2,3;1|6;1
data/leaf_n20_experiment3/leaf_n20_reticulation_r2/20_0.15_10_binary_adj.csv,42,43,2,1,2,3;1|7;1
data/leaf_n20_experiment3/leaf_n20_reticulation_r2/20_0.15_155_binary_adj.csv,42,43,2,2,1,11;2
data/leaf_n20_experiment3/leaf_n20_reticulation_r2/20_0.05_77_binary_adj.csv,42,43,2,2,1,14;2
data/leaf_n20_experiment3/leaf_n20_reticulation_r2/20_0.05_151_binary_adj.csv,42,43,2,2,1,8;2
data/leaf_n20_experiment3/leaf_n20_reticulation_r2/20_0.15_87_binary_adj.csv,42,43,2,2,1,8;2
data/leaf_n20_experiment3/leaf_n20_reticulation_r2/20_0.1_153_binary_adj.csv,42,43,2,2,1,8;2
data/leaf_n20_experiment3/leaf_n20_reticulation_r2/20_0.1_27_binary_adj.csv,42,43,2,1,2,3;1|7;1
data/leaf_n20_experiment3/leaf_n20_reticulation_r2/20_0.1_124_binary_adj.csv,42,43,2,2,1,6;2
data/leaf_n20_experiment3/leaf_n20_reticulation_r2/20_0.15_1_binary_adj.csv,42,43,2,1,2,4;1|5;1
data/leaf_n20_experiment3/leaf_n20_reticulation_r2/20_0.1_53_binary_adj.csv,42,43,2,2,1,13;2
data/leaf_n20_experiment3/leaf_n20_reticulation_r2/20_0.05_27_binary_adj.csv,42,43,2,1,2,3;1|7;1
data/leaf_n20_experiment3/leaf_n20_reticulation_r2/20_0.05_73_binary_adj.csv,42,43,2,2,1,15;2
data/leaf_n20_experiment3/leaf_n20_reticulation_r2/20_0.1_31_binary_adj.csv,42,43,2,2,1,11;2
data/leaf_n20_experiment3/leaf_n20_reticulation_r2/20_0.05_118_binary_adj.csv,42,43,2,1,2,5;1|4;1
data/leaf_n20_experiment3/leaf_n20_reticulation_r2/20_0.05_155_binary_adj.csv,42,43,2,2,1,11;2
data/leaf_n20_experiment3/leaf_n20_reticulation_r2/20_0.15_48_binary_adj.csv,42,43,2,2,1,10;2
data/leaf_n20_experiment3/leaf_n20_reticulation_r2/20_0.1_12_binary_adj.csv,42,43,2,1,2,10;1|3;1
data/leaf_n20_experiment3/leaf_n20_reticulation_r2/20_0.05_68_binary_adj.csv,42,43,2,1,2,4;1|5;1
data/leaf_n20_experiment3/leaf_n20_reticulation_r2/20_0.05_116_binary_adj.csv,42,43,2,1,2,3;1|5;1
data/leaf_n20_experiment3/leaf_n20_reticulation_r2/20_0.15_89_binary_adj.csv,42,43,2,2,1,5;2
data/leaf_n20_experiment3/leaf_n20_reticulation_r2/20_0.15_8_binary_adj.csv,42,43,2,2,1,14;2
data/leaf_n20_experiment3/leaf_n20_reticulation_r2/20_0.15_14_binary_adj.csv,42,43,2,2,1,6;2
data/leaf_n20_experiment3/leaf_n20_reticulation_r2/20_0.15_7_binary_adj.csv,42,43,2,2,1,9;2
data/leaf_n20_experiment3/leaf_n20_reticulation_r3/20_0.1_75_binary_adj.csv,44,46,3,3,1,12;3
data/leaf_n20_experiment3/leaf_n20_reticulation_r3/20_0.15_154_binary_adj.csv,44,46,3,3,1,8;3
data/leaf_n20_experiment3/leaf_n20_reticulation_r3/20_0.05_99_binary_adj.csv,44,46,3,2,2,5;2|5;1
data/leaf_n20_experiment3/leaf_n20_reticulation_r3/20_0.1_41_binary_adj.csv,44,46,3,3,1,15;3
data/leaf_n20_experiment3/leaf_n20_reticulation_r3/20_0.1_125_binary_adj.csv,44,46,3,3,1,12;3
data/leaf_n20_experiment3/leaf_n20_reticulation_r3/20_0.1_68_binary_adj.csv,44,46,3,3,1,16;3
data/leaf_n20_experiment3/leaf_n20_reticulation_r3/20_0.15_18_binary_adj.csv,44,46,3,3,1,10;3
data/leaf_n20_experiment3/leaf_n20_reticulation_r3/20_0.1_120_binary_adj.csv,44,46,3,3,1,12;3
data/leaf_n20_experiment3/leaf_n20_reticulation_r3/20_0.1_39_binary_adj.csv,44,46,3,2,2,4;1|8;2
data/leaf_n20_experiment3/leaf_n20_reticulation_r3/20_0.1_84_binary_adj.csv,44,46,3,2,2,3;1|11;2
data/leaf_n20_experiment3/leaf_n20_reticulation_r3/20_0.15_16_binary_adj.csv,44,46,3,2,2,8;2|7;1
data/leaf_n20_experiment3/leaf_n20_reticulation_r3/20_0.1_23_binary_adj.csv,44,46,3,3,1,13;3
data/leaf_n20_experiment3/leaf_n20_reticulation_r3/20_0.1_136_binary_adj.csv,44,46,3,2,2,3;1|13;2
data/leaf_n20_experiment3/leaf_n20_reticulation_r3/20_0.1_162_binary_adj.csv,44,46,3,3,1,13;3
data/leaf_n20_experiment3/leaf_n20_reticulation_r3/20_0.1_143_binary_adj.csv,44,46,3,3,1,9;3
data/leaf_n20_experiment3/leaf_n20_reticulation_r3/20_0.1_88_binary_adj.csv,44,46,3,3,1,13;3
data/leaf_n20_experiment3/leaf_n20_reticulation_r3/20_0.15_94_binary_adj.csv,44,46,3,3,1,12;3
data/leaf_n20_experiment3/leaf_n20_reticulation_r3/20_0.15_86_binary_adj.csv,44,46,3,3,1,16;3
data/leaf_n20_experiment3/leaf_n20_reticulation_r3/20_0.15_107_binary_adj.csv,44,46,3,2,2,4;1|6;2
data/leaf_n20_experiment3/leaf_n20_reticulation_r3/20_0.15_186_binary_adj.csv,44,46,3,3,1,12;3
data/leaf_n20_experiment3/leaf_n20_reticulation_r3/20_0.15_72_binary_adj.csv,44,46,3,3,1,13;3
data/leaf_n20_experiment3/leaf_n20_reticulation_r3/20_0.15_198_binary_adj.csv,44,46,3,3,1,12;3
data/leaf_n20_experiment3/leaf_n20_reticulation_r3/20_0.05_156_binary_adj.csv,44,46,3,3,1,15;3
data/leaf_n20_experiment3/leaf_n20_reticulation_r3/20_0.15_4_binary_adj.csv,44,46,3,2,2,3;1|8;2
data/leaf_n20_experiment3/leaf_n20_reticulation_r3/20_0.1_90_binary_adj.csv,44,46,3,2,2,5;2|4;1
data/leaf_n20_experiment3/leaf_n20_reticulation_r3/20_0.15_75_binary_adj.csv,44,46,3,2,2,6;1|12;2
data/leaf_n20_experiment3/leaf_n20_reticulation_r3/20_0.15_164_binary_adj.csv,44,46,3,3,1,13;3
data/leaf_n20_experiment3/leaf_n20_reticulation_r3/20_0.15_133_binary_adj.csv,44,46,3,3,1,16;3
data/leaf_n20_experiment3/leaf_n20_reticulation_r3/20_0.1_104_binary_adj.csv,44,46,3,2,2,3;1|8;2
data/leaf_n20_experiment3/leaf_n20_reticulation_r3/20_0.15_188_binary_adj.csv,44,46,3,3,1,14;3
data/leaf_n20_experiment3/leaf_n20_reticulation_r3/20_0.15_21_binary_adj.csv,44,46,3,3,1,16;3
data/leaf_n20_experiment3/leaf_n20_reticulation_r3/20_0.15_172_binary_adj.csv,44,46,3,3,1,12;3
data/leaf_n20_experiment3/leaf_n20_reticulation_r3/20_0.1_167_binary_adj.csv,44,46,3,3,1,16;3
data/leaf_n20_experiment3/leaf_n20_reticulation_r3/20_0.1_13_binary_adj.csv,44,46,3,3,1,10;3
data/leaf_n20_experiment3/leaf_n20_reticulation_r3/20_0.15_82_binary_adj.csv,44,46,3,3,1,11;3
data/leaf_n20_experiment3/leaf_n20_reticulation_r3/20_0.15_55_binary_adj.csv,44,46,3,3,1,11;3
data/leaf_n20_experiment3/leaf_n20_reticulation_r3/20_0.15_117_binary_adj.csv,44,46,3,2,2,3;1|8;2
data/leaf_n20_experiment3/leaf_n20_reticulation_r3/20_0.1_52_binary_adj.csv,44,46,3,3,1,13;3
data/leaf_n20_experiment3/leaf_n20_reticulation_r3/20_0.15_174_binary_adj.csv,44,46,3,3,1,13;3
data/leaf_n20_experiment3/leaf_n20_reticulation_r3/20_0.15_79_binary_adj.csv,44,46,3,2,2,8;2|3;1
data/leaf_n20_experiment3/leaf_n20_reticulation_r3/20_0.15_109_binary_adj.csv,44,46,3,3,1,14;3
data/leaf_n20_experiment3/leaf_n20_reticulation_r3/20_0.1_133_binary_adj.csv,44,46,3,3,1,14;3
data/leaf_n20_experiment3/leaf_n20_reticulation_r3/20_0.1_86_binary_adj.csv,44,46,3,3,1,14;3
data/leaf_n20_experiment3/leaf_n20_reticulation_r3/20_0.15_122_binary_adj.csv,44,46,3,3,1,13;3
data/leaf_n20_experiment3/leaf_n20_reticulation_r3/20_0.1_44_binary_adj.csv,44,46,3,3,1,11;3
data/leaf_n20_experiment3/leaf_n20_reticulation_r3/20_0.1_85_binary_adj.csv,44,46,3,1,3,3;1|5;1|4;1
data/leaf_n20_experiment3/leaf_n20_reticulation_r3/20_0.05_134_binary_adj.csv,44,46,3,3,1,10;3
data/leaf_n20_experiment3/leaf_n20_reticulation_r3/20_0.15_36_binary_adj.csv,44,46,3,3,1,17;3
data/leaf_n20_experiment3/leaf_n20_reticulation_r3/20_0.15_9_binary_adj.csv,44,46,3,3,1,13;3
data/leaf_n20_experiment3/leaf_n20_reticulation_r3/20_0.1_55_binary_adj.csv,44,46,3,3,1,9;3
data/leaf_n20_experiment3/leaf_n20_reticulation_r3/20_0.05_119_binary_adj.csv,44,46,3,3,1,14;3
data/leaf_n20_experiment3/leaf_n20_reticulation_r3/20_0.05_93_binary_adj.csv,44,46,3,2,2,3;1|9;2
data/leaf_n20_experiment3/leaf_n20_reticulation_r3/20_0.1_174_binary_adj.csv,44,46,3,3,1,11;3
data/leaf_n20_experiment3/leaf_n20_reticulation_r3/20_0.05_92_binary_adj.csv,44,46,3,2,2,4;1|8;2
data/leaf_n20_experiment3/leaf_n20_reticulation_r3/20_0.15_167_binary_adj.csv,44,46,3,3,1,13;3
data/leaf_n20_experiment3/leaf_n20_reticulation_r3/20_0.15_49_binary_adj.csv,44,46,3,2,2,4;1|14;2
data/leaf_n20_experiment3/leaf_n20_reticulation_r3/20_0.15_23_binary_adj.csv,44,46,3,3,1,16;3
data/leaf_n20_experiment3/leaf_n20_reticulation_r3/20_0.1_147_binary_adj.csv,44,46,3,2,2,10;2|4;1
data/leaf_n20_experiment3/leaf_n20_reticulation_r3/20_0.15_65_binary_adj.csv,44,46,3,3,1,12;3
data/leaf_n20_experiment3/leaf_n20_reticulation_r3/20_0.15_68_binary_adj.csv,44,46,3,3,1,11;3
data/leaf_n20_experiment3/leaf_n20_reticulation_r3/20_0.15_103_binary_adj.csv,44,46,3,3,1,15;3
data/leaf_n20_experiment3/leaf_n20_reticulation_r3/20_0.15_168_binary_adj.csv,44,46,3,3,1,8;3
data/leaf_n20_experiment3/leaf_n20_reticulation_r3/20_0.1_139_binary_adj.csv,44,46,3,3,1,18;3
data/leaf_n20_experiment3/leaf_n20_reticulation_r3/20_0.15_91_binary_adj.csv,44,46,3,3,1,13;3
data/leaf_n20_experiment3/leaf_n20_reticulation_r3/20_0.15_34_binary_adj.csv,44,46,3,3,1,14;3
data/leaf_n20_experiment3/leaf_n20_reticulation_r3/20_0.05_123_binary_adj.csv,44,46,3,2,2,12;2|3;1
data/leaf_n20_experiment3/leaf_n20_reticulation_r3/20_0.1_4_binary_adj.csv,44,46,3,3,1,18;3
data/leaf_n20_experiment3/leaf_n20_reticulation_r3/20_0.15_66_binary_adj.csv,44,46,3,3,1,13;3
data/leaf_n20_experiment3/leaf_n20_reticulation_r3/20_0.15_83_binary_adj.csv,44,46,3,3,1,13;3
data/leaf_n20_experiment3/leaf_n20_reticulation_r3/20_0.15_13_binary_adj.csv,44,46,3,3,1,11;3
data/leaf_n20_experiment3/leaf_n20_reticulation_r3/20_0.05_42_binary_adj.csv,44,46,3,3,1,15;3
data/leaf_n20_experiment3/leaf_n20_reticulation_r3/20_0.1_16_binary_adj.csv,44,46,3,2,2,3;1|8;2
data/leaf_n20_experiment3/leaf_n20_reticulation_r3/20_0.05_33_binary_adj.csv,44,46,3,1,3,4;1|3;1|4;1
data/leaf_n20_experiment3/leaf_n20_reticulation_r3/20_0.1_42_binary_adj.csv,44,46,3,3,1,13;3
data/leaf_n20_experiment3/leaf_n20_reticulation_r3/20_0.15_45_binary_adj.csv,44,46,3,3,1,12;3
data/leaf_n20_experiment3/leaf_n20_reticulation_r3/20_0.1_18_binary_adj.csv,44,46,3,3,1,14;3
data/leaf_n20_experiment3/leaf_n20_reticulation_r3/20_0.05_97_binary_adj.csv,44,46,3,2,2,6;1|8;2
data/leaf_n20_experiment3/leaf_n20_reticulation_r8/20_0.15_143_binary_adj.csv,54,61,8,8,1,25;8
data/leaf_n20_experiment3/leaf_n20_reticulation_r8/20_0.15_195_binary_adj.csv,54,61,8,8,1,26;8
data/leaf_n20_experiment3/leaf_n20_reticulation_r8/20_0.15_58_binary_adj.csv,54,61,8,8,1,26;8
data/leaf_n20_experiment3/leaf_n20_reticulation_r8/20_0.15_3_binary_adj.csv,54,61,8,8,1,28;8
data/leaf_n20_experiment3/leaf_n20_reticulation_r8/20_0.1_92_binary_adj.csv,54,61,8,8,1,28;8
data/leaf_n20_experiment3/leaf_n20_reticulation_r8/20_0.05_113_binary_adj.csv,54,61,8,8,1,31;8
data/leaf_n20_experiment3/leaf_n20_reticulation_r8/20_0.15_2_binary_adj.csv,54,61,8,6,2,12;6|9;2
data/leaf_n20_experiment3/leaf_n20_reticulation_r8/20_0.15_104_binary_adj.csv,54,61,8,8,1,24;8
data/leaf_n20_experiment3/leaf_n20_reticulation_r8/20_0.15_162_binary_adj.csv,54,61,8,8,1,25;8
data/leaf_n20_experiment3/leaf_n20_reticulation_r8/20_0.1_187_binary_adj.csv,54,61,8,8,1,25;8
data/leaf_n20_experiment3/leaf_n20_reticulation_r6/20_0.15_145_binary_adj.csv,50,55,6,6,1,23;6
data/leaf_n20_experiment3/leaf_n20_reticulation_r6/20_0.15_127_binary_adj.csv,50,55,6,6,1,18;6
data/leaf_n20_experiment3/leaf_n20_reticulation_r6/20_0.1_29_binary_adj.csv,50,55,6,6,1,21;6
data/leaf_n20_experiment3/leaf_n20_reticulation_r6/20_0.1_150_binary_adj.csv,50,55,6,5,2,3;1|21;5
data/leaf_n20_experiment3/leaf_n20_reticulation_r6/20_0.15_35_binary_adj.csv,50,55,6,6,1,21;6
data/leaf_n20_experiment3/leaf_n20_reticulation_r6/20_0.15_192_binary_adj.csv,50,55,6,6,1,20;6
data/leaf_n20_experiment3/leaf_n20_reticulation_r6/20_0.15_6_binary_adj.csv,50,55,6,6,1,22;6
data/leaf_n20_experiment3/leaf_n20_reticulation_r6/20_0.15_64_binary_adj.csv,50,55,6,6,1,18;6
data/leaf_n20_experiment3/leaf_n20_reticulation_r6/20_0.15_71_binary_adj.csv,50,55,6,6,1,21;6
data/leaf_n20_experiment3/leaf_n20_reticulation_r6/20_0.15_121_binary_adj.csv,50,55,6,6,1,18;6
data/leaf_n20_experiment3/leaf_n20_reticulation_r6/20_0.15_114_binary_adj.csv,50,55,6,6,1,19;6
data/leaf_n20_experiment3/leaf_n20_reticulation_r6/20_0.15_93_binary_adj.csv,50,55,6,6,1,21;6
data/leaf_n20_experiment3/leaf_n20_reticulation_r6/20_0.15_152_binary_adj.csv,50,55,6,2,4,3;1|4;2|4;2|6;1
data/leaf_n20_experiment3/leaf_n20_reticulation_r6/20_0.15_197_binary_adj.csv,50,55,6,5,2,17;5|3;1
data/leaf_n20_experiment3/leaf_n20_reticulation_r6/20_0.15_176_binary_adj.csv,50,55,6,6,1,21;6
data/leaf_n20_experiment3/leaf_n20_reticulation_r6/20_0.15_98_binary_adj.csv,50,55,6,6,1,17;6
data/leaf_n20_experiment3/leaf_n20_reticulation_r6/20_0.15_112_binary_adj.csv,50,55,6,6,1,25;6
data/leaf_n20_experiment3/leaf_n20_reticulation_r6/20_0.15_22_binary_adj.csv,50,55,6,6,1,21;6
data/leaf_n20_experiment3/leaf_n20_reticulation_r6/20_0.15_125_binary_adj.csv,50,55,6,6,1,22;6
data/leaf_n20_experiment3/leaf_n20_reticulation_r6/20_0.15_73_binary_adj.csv,50,55,6,6,1,21;6
data/leaf_n20_experiment3/leaf_n20_reticulation_r4/20_0.1_56_binary_adj.csv,46,49,4,4,1,11;4
data/leaf_n20_experiment3/leaf_n20_reticulation_r4/20_0.1_186_binary_adj.csv,46,49,4,4,1,20;4
data/leaf_n20_experiment3/leaf_n20_reticulation_r4/20_0.05_194_binary_adj.csv,46,49,4,3,2,10;3|4;1
data/leaf_n20_experiment3/leaf_n20_reticulation_r4/20_0.1_80_binary_adj.csv,46,49,4,4,1,17;4
data/leaf_n20_experiment3/leaf_n20_reticulation_r4/20_0.15_84_binary_adj.csv,46,49,4,2,2,6;2|9;2
data/leaf_n20_experiment3/leaf_n20_reticulation_r4/20_0.1_113_binary_adj.csv,46,49,4,4,1,16;4
data/leaf_n20_experiment3/leaf_n20_reticulation_r4/20_0.15_88_binary_adj.csv,46,49,4,4,1,14;4
data/leaf_n20_experiment3/leaf_n20_reticulation_r4/20_0.15_131_binary_adj.csv,46,49,4,4,1,15;4
data/leaf_n20_experiment3/leaf_n20_reticulation_r4/20_0.15_46_binary_adj.csv,46,49,4,4,1,18;4
data/leaf_n20_experiment3/leaf_n20_reticulation_r4/20_0.15_60_binary_adj.csv,46,49,4,4,1,19;4
data/leaf_n20_experiment3/leaf_n20_reticulation_r4/20_0.1_122_binary_adj.csv,46,49,4,3,2,16;3|5;1
data/leaf_n20_experiment3/leaf_n20_reticulation_r4/20_0.15_54_binary_adj.csv,46,49,4,4,1,17;4
data/leaf_n20_experiment3/leaf_n20_reticulation_r4/20_0.15_160_binary_adj.csv,46,49,4,4,1,13;4
data/leaf_n20_experiment3/leaf_n20_reticulation_r4/20_0.1_58_binary_adj.csv,46,49,4,4,1,16;4
data/leaf_n20_experiment3/leaf_n20_reticulation_r4/20_0.15_28_binary_adj.csv,46,49,4,4,1,18;4
data/leaf_n20_experiment3/leaf_n20_reticulation_r4/20_0.15_96_binary_adj.csv,46,49,4,4,1,19;4
data/leaf_n20_experiment3/leaf_n20_reticulation_r4/20_0.1_100_binary_adj.csv,46,49,4,4,1,15;4
data/leaf_n20_experiment3/leaf_n20_reticulation_r4/20_0.15_151_binary_adj.csv,46,49,4,2,2,7;2|10;2
data/leaf_n20_experiment3/leaf_n20_reticulation_r4/20_0.15_161_binary_adj.csv,46,49,4,4,1,19;4
data/leaf_n20_experiment3/leaf_n20_reticulation_r4/20_0.05_177_binary_adj.csv,46,49,4,3,2,3;1|16;3
data/leaf_n20_experiment3/leaf_n20_reticulation_r4/20_0.15_169_binary_adj.csv,46,49,4,2,2,5;2|7;2
data/leaf_n20_experiment3/leaf_n20_reticulation_r4/20_0.15_157_binary_adj.csv,46,49,4,4,1,11;4
data/leaf_n20_experiment3/leaf_n20_reticulation_r4/20_0.1_169_binary_adj.csv,46,49,4,4,1,16;4
data/leaf_n20_experiment3/leaf_n20_reticulation_r4/20_0.15_158_binary_adj.csv,46,49,4,4,1,14;4
data/leaf_n20_experiment3/leaf_n20_reticulation_r4/20_0.1_123_binary_adj.csv,46,49,4,2,2,8;2|4;2
data/leaf_n20_experiment3/leaf_n20_reticulation_r4/20_0.15_181_binary_adj.csv,46,49,4,4,1,13;4
data/leaf_n20_experiment3/leaf_n20_reticulation_r4/20_0.1_40_binary_adj.csv,46,49,4,4,1,11;4
data/leaf_n20_experiment3/leaf_n20_reticulation_r4/20_0.15_148_binary_adj.csv,46,49,4,3,2,3;1|16;3
data/leaf_n20_experiment3/leaf_n20_reticulation_r4/20_0.1_63_binary_adj.csv,46,49,4,4,1,14;4
data/leaf_n20_experiment3/leaf_n20_reticulation_r4/20_0.15_81_binary_adj.csv,46,49,4,3,2,14;3|3;1
data/leaf_n20_experiment3/leaf_n20_reticulation_r4/20_0.15_137_binary_adj.csv,46,49,4,4,1,16;4
data/leaf_n20_experiment3/leaf_n20_reticulation_r4/20_0.1_108_binary_adj.csv,46,49,4,4,1,11;4
data/leaf_n20_experiment3/leaf_n20_reticulation_r4/20_0.15_76_binary_adj.csv,46,49,4,3,2,3;1|16;3
data/leaf_n20_experiment3/leaf_n20_reticulation_r4/20_0.1_172_binary_adj.csv,46,49,4,4,1,12;4
data/leaf_n20_experiment3/leaf_n20_reticulation_r4/20_0.1_61_binary_adj.csv,46,49,4,4,1,22;4
data/leaf_n20_experiment3/leaf_n20_reticulation_r4/20_0.15_185_binary_adj.csv,46,49,4,3,2,3;1|12;3
data/leaf_n20_experiment3/leaf_n20_reticulation_r4/20_0.05_66_binary_adj.csv,46,49,4,4,1,15;4
data/leaf_n20_experiment3/leaf_n20_reticulation_r4/20_0.15_74_binary_adj.csv,46,49,4,3,2,10;3|4;1
data/leaf_n20_experiment3/leaf_n20_reticulation_r4/20_0.15_163_binary_adj.csv,46,49,4,4,1,20;4
data/leaf_n20_experiment3/leaf_n20_reticulation_r4/20_0.15_31_binary_adj.csv,46,49,4,4,1,13;4
data/leaf_n20_experiment3/leaf_n20_reticulation_r4/20_0.1_32_binary_adj.csv,46,49,4,3,2,4;1|12;3
data/leaf_n20_experiment3/leaf_n20_reticulation_r4/20_0.15_150_binary_adj.csv,46,49,4,4,1,16;4
data/leaf_n20_experiment3/leaf_n20_reticulation_r4/20_0.15_130_binary_adj.csv,46,49,4,4,1,16;4
data/leaf_n20_experiment3/leaf_n20_reticulation_r4/20_0.15_41_binary_adj.csv,46,49,4,4,1,15;4
data/leaf_n20_experiment3/leaf_n20_reticulation_r4/20_0.15_59_binary_adj.csv,46,49,4,4,1,15;4
data/leaf_n20_experiment3/leaf_n20_reticulation_r4/20_0.1_78_binary_adj.csv,46,49,4,4,1,14;4
data/leaf_n20_experiment3/leaf_n20_reticulation_r4/20_0.15_139_binary_adj.csv,46,49,4,4,1,15;4
data/leaf_n20_experiment3/leaf_n20_reticulation_r4/20_0.15_105_binary_adj.csv,46,49,4,4,1,15;4
data/leaf_n20_experiment3/leaf_n20_reticulation_r4/20_0.15_156_binary_adj.csv,46,49,4,4,1,16;4
data/leaf_n20_experiment3/leaf_n20_reticulation_r0/20_0.05_196_binary_adj.csv,38,37,0,0,0,
data/leaf_n20_experiment3/leaf_n20_reticulation_r0/20_0.05_173_binary_adj.csv,38,37,0,0,0,
data/leaf_n20_experiment3/leaf_n20_reticulation_r0/20_0.05_98_binary_adj.csv,38,37,0,0,0,
data/leaf_n20_experiment3/leaf_n20_reticulation_r0/20_0.05_167_binary_adj.csv,38,37,0,0,0,
data/leaf_n20_experiment3/leaf_n20_reticulation_r0/20_0.1_103_binary_adj.csv,38,37,0,0,0,
data/leaf_n20_experiment3/leaf_n20_reticulation_r0/20_0.05_198_binary_adj.csv,38,37,0,0,0,
data/leaf_n20_experiment3/leaf_n20_reticulation_r0/20_0.1_25_binary_adj.csv,38,37,0,0,0,
data/leaf_n20_experiment3/leaf_n20_reticulation_r0/20_0.1_77_binary_adj.csv,38,37,0,0,0,
data/leaf_n20_experiment3/leaf_n20_reticulation_r0/20_0.15_149_binary_adj.csv,38,37,0,0,0,
data/leaf_n20_experiment3/leaf_n20_reticulation_r0/20_0.1_156_binary_adj.csv,38,37,0,0,0,
data/leaf_n20_experiment3/leaf_n20_reticulation_r0/20_0.05_8_binary_adj.csv,38,37,0,0,0,
data/leaf_n20_experiment3/leaf_n20_reticulation_r0/20_0.05_28_binary_adj.csv,38,37,0,0,0,
data/leaf_n20_experiment3/leaf_n20_reticulation_r0/20_0.05_197_binary_adj.csv,38,37,0,0,0,
data/leaf_n20_experiment3/leaf_n20_reticulation_r0/20_0.05_114_binary_adj.csv,38,37,0,0,0,
data/leaf_n20_experiment3/leaf_n20_reticulation_r0/20_0.15_29_binary_adj.csv,38,37,0,0,0,
data/leaf_n20_experiment3/leaf_n20_reticulation_r0/20_0.05_115_binary_adj.csv,38,37,0,0,0,
data/leaf_n20_experiment3/leaf_n20_reticulation_r0/20_0.1_191_binary_adj.csv,38,37,0,0,0,
data/leaf_n20_experiment3/leaf_n20_reticulation_r0/20_0.1_118_binary_adj.csv,38,37,0,0,0,
data/leaf_n20_experiment3/leaf_n20_reticulation_r0/20_0.15_99_binary_adj.csv,38,37,0,0,0,
data/leaf_n20_experiment3/leaf_n20_reticulation_r0/20_0.1_173_binary_adj.csv,38,37,0,0,0,
data/leaf_n20_experiment3/leaf_n20_reticulation_r0/20_0.05_12_binary_adj.csv,38,37,0,0,0,
data/leaf_n20_experiment3/leaf_n20_reticulation_r0/20_0.05_170_binary_adj.csv,38,37,0,0,0,
data/leaf_n20_experiment3/leaf_n20_reticulation_r0/20_0.05_143_binary_adj.csv,38,37,0,0,0,
data/leaf_n20_experiment3/leaf_n20_reticulation_r0/20_0.1_129_binary_adj.csv,38,37,0,0,0,
data/leaf_n20_experiment3/leaf_n20_reticulation_r0/20_0.1_189_binary_adj.csv,38,37,0,0,0,
data/leaf_n20_experiment3/leaf_n20_reticulation_r0/20_0.1_190_binary_adj.csv,38,37,0,0,0,
data/leaf_n20_experiment3/leaf_n20_reticulation_r0/20_0.05_65_binary_adj.csv,38,37,0,0,0,
data/leaf_n20_experiment3/leaf_n20_reticulation_r0/20_0.05_137_binary_adj.csv,38,37,0,0,0,
data/leaf_n20_experiment3/leaf_n20_reticulation_r0/20_0.05_145_binary_adj.csv,38,37,0,0,0,
data/leaf_n20_experiment3/leaf_n20_reticulation_r0/20_0.05_159_binary_adj.csv,38,37,0,0,0,
data/leaf_n20_experiment3/leaf_n20_reticulation_r0/20_0.1_66_binary_adj.csv,38,37,0,0,0,
data/leaf_n20_experiment3/leaf_n20_reticulation_r0/20_0.05_179_binary_adj.csv,38,37,0,0,0,
data/leaf_n20_experiment3/leaf_n20_reticulation_r0/20_0.1_6_binary_adj.csv,38,37,0,0,0,
data/leaf_n20_experiment3/leaf_n20_reticulation_r0/20_0.15_24_binary_adj.csv,38,37,0,0,0,
data/leaf_n20_experiment3/leaf_n20_reticulation_r0/20_0.05_87_binary_adj.csv,38,37,0,0,0,
data/leaf_n20_experiment3/leaf_n20_reticulation_r0/20_0.15_12_binary_adj.csv,38,37,0,0,0,
data/leaf_n20_experiment3/leaf_n20_reticulation_r0/20_0.05_166_binary_adj.csv,38,37,0,0,0,
data/leaf_n20_experiment3/leaf_n20_reticulation_r0/20_0.1_15_binary_adj.csv,38,37,0,0,0,
data/leaf_n20_experiment3/leaf_n20_reticulation_r0/20_0.1_60_binary_adj.csv,38,37,0,0,0,
data/leaf_n20_experiment3/leaf_n20_reticulation_r0/20_0.05_144_binary_adj.csv,38,37,0,0,0,
data/leaf_n20_experiment3/leaf_n20_reticulation_r0/20_0.1_116_binary_adj.csv,38,37,0,0,0,
data/leaf_n20_experiment3/leaf_n20_reticulation_r0/20_0.05_180_binary_adj.csv,38,37,0,0,0,
data/leaf_n20_experiment3/leaf_n20_reticulation_r0/20_0.05_4_binary_adj.csv,38,37,0,0,0,
data/leaf_n20_experiment3/leaf_n20_reticulation_r0/20_0.05_152_binary_adj.csv,38,37,0,0,0,
data/leaf_n20_experiment3/leaf_n20_reticulation_r0/20_0.05_5_binary_adj.csv,38,37,0,0,0,
data/leaf_n20_experiment3/leaf_n20_reticulation_r0/20_0.1_101_binary_adj.csv,38,37,0,0,0,
data/leaf_n20_experiment3/leaf_n20_reticulation_r0/20_0.05_24_binary_adj.csv,38,37,0,0,0,
data/leaf_n20_experiment3/leaf_n20_reticulation_r0/20_0.15_106_binary_adj.csv,38,37,0,0,0,
data/leaf_n20_experiment3/leaf_n20_reticulation_r0/20_0.1_67_binary_adj.csv,38,37,0,0,0,
data/leaf_n20_experiment3/leaf_n20_reticulation_r0/20_0.05_7_binary_adj.csv,38,37,0,0,0,
data/leaf_n20_experiment3/leaf_n20_reticulation_r0/20_0.05_200_binary_adj.csv,38,37,0,0,0,
data/leaf_n20_experiment3/leaf_n20_reticulation_r0/20_0.05_149_binary_adj.csv,38,37,0,0,0,
data/leaf_n20_experiment3/leaf_n20_reticulation_r0/20_0.05_54_binary_adj.csv,38,37,0,0,0,
data/leaf_n20_experiment3/leaf_n20_reticulation_r0/20_0.05_70_binary_adj.csv,38,37,0,0,0,
data/leaf_n20_experiment3/leaf_n20_reticulation_r0/20_0.05_191_binary_adj.csv,38,37,0,0,0,
data/leaf_n20_experiment3/leaf_n20_reticulation_r0/20_0.1_34_binary_adj.csv,38,37,0,0,0,
data/leaf_n20_experiment3/leaf_n20_reticulation_r0/20_0.05_26_binary_adj.csv,38,37,0,0,0,
data/leaf_n20_experiment3/leaf_n20_reticulation_r0/20_0.05_169_binary_adj.csv,38,37,0,0,0,
data/leaf_n20_experiment3/leaf_n20_reticulation_r0/20_0.05_126_binary_adj.csv,38,37,0,0,0,
data/leaf_n20_experiment3/leaf_n20_reticulation_r0/20_0.1_130_binary_adj.csv,38,37,0,0,0,
data/leaf_n20_experiment3/leaf_n20_reticulation_r0/20_0.1_165_binary_adj.csv,38,37,0,0,0,
data/leaf_n20_experiment3/leaf_n20_reticulation_r0/20_0.05_18_binary_adj.csv,38,37,0,0,0,
data/leaf_n20_experiment3/leaf_n20_reticulation_r0/20_0.15_129_binary_adj.csv,38,37,0,0,0,
data/leaf_n20_experiment3/leaf_n20_reticulation_r0/20_0.1_22_binary_adj.csv,38,37,0,0,0,
data/leaf_n20_experiment3/leaf_n20_reticulation_r0/20_0.05_30_binary_adj.csv,38,37,0,0,0,
data/leaf_n20_experiment3/leaf_n20_reticulation_r0/20_0.1_81_binary_adj.csv,38,37,0,0,0,
data/leaf_n20_experiment3/leaf_n20_reticulation_r0/20_0.05_45_binary_adj.csv,38,37,0,0,0,
data/leaf_n20_experiment3/leaf_n20_reticulation_r0/20_0.1_180_binary_adj.csv,38,37,0,0,0,
data/leaf_n20_experiment3/leaf_n20_reticulation_r0/20_0.05_31_binary_adj.csv,38,37,0,0,0,
data/leaf_n20_experiment3/leaf_n20_reticulation_r0/20_0.15_182_binary_adj.csv,38,37,0,0,0,
data/leaf_n20_experiment3/leaf_n20_reticulation_r0/20_0.15_126_binary_adj.csv,38,37,0,0,0,
data/leaf_n20_experiment3/leaf_n20_reticulation_r0/20_0.1_193_binary_adj.csv,38,37,0,0,0,
data/leaf_n20_experiment3/leaf_n20_reticulation_r0/20_0.05_86_binary_adj.csv,38,37,0,0,0,
data/leaf_n20_experiment3/leaf_n20_reticulation_r0/20_0.05_96_binary_adj.csv,38,37,0,0,0,
data/leaf_n20_experiment3/leaf_n20_reticulation_r0/20_0.05_171_binary_adj.csv,38,37,0,0,0,
data/leaf_n20_experiment3/leaf_n20_reticulation_r0/20_0.05_186_binary_adj.csv,38,37,0,0,0,
data/leaf_n20_experiment3/leaf_n20_reticulation_r0/20_0.1_168_binary_adj.csv,38,37,0,0,0,
data/leaf_n20_experiment3/leaf_n20_reticulation_r0/20_0.05_85_binary_adj.csv,38,37,0,0,0,
data/leaf_n20_experiment3/leaf_n20_reticulation_r0/20_0.05_21_binary_adj.csv,38,37,0,0,0,
data/leaf_n20_experiment3/leaf_n20_reticulation_r0/20_0.05_34_binary_adj.csv,38,37,0,0,0,
data/leaf_n20_experiment3/leaf_n20_reticulation_r0/20_0.1_110_binary_adj.csv,38,37,0,0,0,
data/leaf_n20_experiment3/leaf_n20_reticulation_r0/20_0.05_71_binary_adj.csv,38,37,0,0,0,
data/leaf_n20_experiment3/leaf_n20_reticulation_r0/20_0.05_158_binary_adj.csv,38,37,0,0,0,
data/leaf_n20_experiment3/leaf_n20_reticulation_r0/20_0.15_173_binary_adj.csv,38,37,0,0,0,
data/leaf_n20_experiment3/leaf_n20_reticulation_r0/20_0.05_84_binary_adj.csv,38,37,0,0,0,
data/leaf_n20_experiment3/leaf_n20_reticulation_r0/20_0.05_181_binary_adj.csv,38,37,0,0,0,
data/leaf_n20_experiment3/leaf_n20_reticulation_r0/20_0.1_70_binary_adj.csv,38,37,0,0,0,
data/leaf_n20_experiment3/leaf_n20_reticulation_r0/20_0.1_5_binary_adj.csv,38,37,0,0,0,
data/leaf_n20_experiment3/leaf_n20_reticulation_r0/20_0.05_49_binary_adj.csv,38,37,0,0,0,
data/leaf_n20_experiment3/leaf_n20_reticulation_r0/20_0.15_136_binary_adj.csv,38,37,0,0,0,
data/leaf_n20_experiment3/leaf_n20_reticulation_r0/20_0.05_141_binary_adj.csv,38,37,0,0,0,
data/leaf_n20_experiment3/leaf_n20_reticulation_r0/20_0.1_170_binary_adj.csv,38,37,0,0,0,
data/leaf_n20_experiment3/leaf_n20_reticulation_r0/20_0.05_67_binary_adj.csv,38,37,0,0,0,
data/leaf_n20_experiment3/leaf_n20_reticulation_r0/20_0.1_188_binary_adj.csv,38,37,0,0,0,
data/leaf_n20_experiment3/leaf_n20_reticulation_r0/20_0.1_182_binary_adj.csv,38,37,0,0,0,
data/leaf_n20_experiment3/leaf_n20_reticulation_r0/20_0.05_72_binary_adj.csv,38,37,0,0,0,
data/leaf_n20_experiment3/leaf_n20_reticulation_r0/20_0.05_51_binary_adj.csv,38,37,0,0,0,
data/leaf_n20_experiment3/leaf_n20_reticulation_r0/20_0.05_190_binary_adj.csv,38,37,0,0,0,
data/leaf_n20_experiment3/leaf_n20_reticulation_r0/20_0.05_88_binary_adj.csv,38,37,0,0,0,
data/leaf_n20_experiment3/leaf_n20_reticulation_r0/20_0.05_174_binary_adj.csv,38,37,0,0,0,
data/leaf_n20_experiment3/leaf_n20_reticulation_r0/20_0.05_39_binary_adj.csv,38,37,0,0,0,
data/leaf_n20_experiment3/leaf_n20_reticulation_r0/20_0.15_25_binary_adj.csv,38,37,0,0,0,
data/leaf_n20_experiment3/leaf_n20_reticulation_r0/20_0.05_29_binary_adj.csv,38,37,0,0,0,
data/leaf_n20_experiment3/leaf_n20_reticulation_r0/20_0.05_17_binary_adj.csv,38,37,0,0,0,
data/leaf_n20_experiment3/leaf_n20_reticulation_r0/20_0.05_90_binary_adj.csv,38,37,0,0,0,
data/leaf_n20_experiment3/leaf_n20_reticulation_r0/20_0.05_165_binary_adj.csv,38,37,0,0,0,
data/leaf_n20_experiment3/leaf_n20_reticulation_r0/20_0.05_35_binary_adj.csv,38,37,0,0,0,
data/leaf_n20_experiment3/leaf_n20_reticulation_r0/20_0.1_158_binary_adj.csv,38,37,0,0,0,
data/leaf_n20_experiment3/leaf_n20_reticulation_r0/20_0.1_155_binary_adj.csv,38,37,0,0,0,
data/leaf_n20_experiment3/leaf_n20_reticulation_r0/20_0.15_17_binary_adj.csv,38,37,0,0,0,
data/leaf_n20_experiment3/leaf_n20_reticulation_r0/20_0.05_147_binary_adj.csv,38,37,0,0,0,
data/leaf_n20_experiment3/leaf_n20_reticulation_r0/20_0.1_176_binary_adj.csv,38,37,0,0,0,
data/leaf_n20_experiment3/leaf_n20_reticulation_r0/20_0.05_25_binary_adj.csv,38,37,0,0,0,
data/leaf_n20_experiment3/leaf_n20_reticulation_r0/20_0.05_121_binary_adj.csv,38,37,0,0,0,
data/leaf_n20_experiment3/leaf_n20_reticulation_r0/20_0.1_199_binary_adj.csv,38,37,0,0,0,
data/leaf_n20_experiment3/leaf_n20_reticulation_r0/20_0.05_185_binary_adj.csv,38,37,0,0,0,
data/leaf_n20_experiment3/leaf_n20_reticulation_r0/20_0.1_36_binary_adj.csv,38,37,0,0,0,
data/leaf_n20_experiment3/leaf_n20_reticulation_r0/20_0.05_109_binary_adj.csv,38,37,0,0,0,
data/leaf_n20_experiment3/leaf_n20_reticulation_r0/20_0.05_192_binary_adj.csv,38,37,0,0,0,
data/leaf_n20_experiment3/leaf_n20_reticulation_r0/20_0.05_78_binary_adj.csv,38,37,0,0,0,
data/leaf_n20_experiment3/leaf_n20_reticulation_r0/20_0.05_110_binary_adj.csv,38,37,0,0,0,
data/leaf_n20_experiment3/leaf_n20_reticulation_r0/20_0.05_10_binary_adj.csv,38,37,0,0,0,
data/leaf_n20_experiment3/leaf_n20_reticulation_r0/20_0.1_11_binary_adj.csv,38,37,0,0,0,
data/leaf_n20_experiment3/leaf_n20_reticulation_r0/20_0.15_128_binary_adj.csv,38,37,0,0,0,
data/leaf_n20_experiment3/leaf_n20_reticulation_r11/20_0.15_180_binary_adj.csv,60,70,11,11,1,36;11
data/leaf_n20_experiment3/leaf_n20_reticulation_r11/20_0.15_135_binary_adj.csv,60,70,11,11,1,30;11
data/leaf_n20_experiment3/leaf_n20_reticulation_r7/20_0.1_30_binary_adj.csv,52,58,7,7,1,27;7
data/leaf_n20_experiment3/leaf_n20_reticulation_r7/20_0.1_145_binary_adj.csv,52,58,7,7,1,24;7
data/leaf_n20_experiment3/leaf_n20_reticulation_r7/20_0.1_24_binary_adj.csv,52,58,7,7,1,19;7
data/leaf_n20_experiment3/leaf_n20_reticulation_r7/20_0.1_126_binary_adj.csv,52,58,7,7,1,23;7
data/leaf_n20_experiment3/leaf_n20_reticulation_r7/20_0.1_178_binary_adj.csv,52,58,7,7,1,23;7
data/leaf_n20_experiment3/leaf_n20_reticulation_r7/20_0.1_128_binary_adj.csv,52,58,7,7,1,25;7
data/leaf_n20_experiment3/leaf_n20_reticulation_r7/20_0.15_166_binary_adj.csv,52,58,7,7,1,25;7
data/leaf_n20_experiment3/leaf_n20_reticulation_r7/20_0.15_42_binary_adj.csv,52,58,7,7,1,22;7
data/leaf_n20_experiment3/leaf_n20_reticulation_r7/20_0.15_123_binary_adj.csv,52,58,7,6,2,18;6|3;1
data/leaf_n20_experiment3/leaf_n20_reticulation_r7/20_0.15_69_binary_adj.csv,52,58,7,7,1,24;7
data/leaf_n20_experiment3/leaf_n20_reticulation_r7/20_0.15_38_binary_adj.csv,52,58,7,7,1,23;7
data/leaf_n20_experiment3/leaf_n20_reticulation_r7/20_0.15_177_binary_adj.csv,52,58,7,6,2,6;1|15;6
data/leaf_n20_experiment3/leaf_n20_reticulation_r7/20_0.15_118_binary_adj.csv,52,58,7,7,1,25;7
data/leaf_n20_experiment3/leaf_n20_reticulation_r7/20_0.15_85_binary_adj.csv,52,58,7,5,2,15;5|6;2
data/leaf_n20_experiment3/leaf_n20_reticulation_r7/20_0.15_61_binary_adj.csv,52,58,7,7,1,18;7
data/leaf_n20_experiment3/leaf_n20_reticulation_r7/20_0.15_43_binary_adj.csv,52,58,7,6,2,3;1|20;6
data/leaf_n20_experiment3/leaf_n20_reticulation_r1/20_0.05_124_binary_adj.csv,40,40,1,1,1,10;1
data/leaf_n20_experiment3/leaf_n20_reticulation_r1/20_0.1_71_binary_adj.csv,40,40,1,1,1,6;1
data/leaf_n20_experiment3/leaf_n20_reticulation_r1/20_0.1_117_binary_adj.csv,40,40,1,1,1,8;1
data/leaf_n20_experiment3/leaf_n20_reticulation_r1/20_0.05_107_binary_adj.csv,40,40,1,1,1,4;1
data/leaf_n20_experiment3/leaf_n20_reticulation_r1/20_0.05_37_binary_adj.csv,40,40,1,1,1,5;1
data/leaf_n20_experiment3/leaf_n20_reticulation_r1/20_0.05_130_binary_adj.csv,40,40,1,1,1,3;1
data/leaf_n20_experiment3/leaf_n20_reticulation_r1/20_0.05_1_binary_adj.csv,40,40,1,1,1,8;1
data/leaf_n20_experiment3/leaf_n20_reticulation_r1/20_0.1_175_binary_adj.csv,40,40,1,1,1,4;1
data/leaf_n20_experiment3/leaf_n20_reticulation_r1/20_0.05_6_binary_adj.csv,40,40,1,1,1,5;1
data/leaf_n20_experiment3/leaf_n20_reticulation_r1/20_0.1_98_binary_adj.csv,40,40,1,1,1,5;1
data/leaf_n20_experiment3/leaf_n20_reticulation_r1/20_0.05_55_binary_adj.csv,40,40,1,1,1,9;1
data/leaf_n20_experiment3/leaf_n20_reticulation_r1/20_0.1_151_binary_adj.csv,40,40,1,1,1,9;1
data/leaf_n20_experiment3/leaf_n20_reticulation_r1/20_0.15_110_binary_adj.csv,40,40,1,1,1,11;1
data/leaf_n20_experiment3/leaf_n20_reticulation_r1/20_0.15_115_binary_adj.csv,40,40,1,1,1,3;1
data/leaf_n20_experiment3/leaf_n20_reticulation_r1/20_0.15_53_binary_adj.csv,40,40,1,1,1,3;1
data/leaf_n20_experiment3/leaf_n20_reticulation_r1/20_0.1_171_binary_adj.csv,40,40,1,1,1,7;1
data/leaf_n20_experiment3/leaf_n20_reticulation_r1/20_0.05_94_binary_adj.csv,40,40,1,1,1,8;1
data/leaf_n20_experiment3/leaf_n20_reticulation_r1/20_0.1_21_binary_adj.csv,40,40,1,1,1,4;1
data/leaf_n20_experiment3/leaf_n20_reticulation_r1/20_0.05_133_binary_adj.csv,40,40,1,1,1,8;1
data/leaf_n20_experiment3/leaf_n20_reticulation_r1/20_0.05_83_binary_adj.csv,40,40,1,1,1,4;1
data/leaf_n20_experiment3/leaf_n20_reticulation_r1/20_0.1_74_binary_adj.csv,40,40,1,1,1,3;1
data/leaf_n20_experiment3/leaf_n20_reticulation_r1/20_0.1_105_binary_adj.csv,40,40,1,1,1,5;1
data/leaf_n20_experiment3/leaf_n20_reticulation_r1/20_0.05_195_binary_adj.csv,40,40,1,1,1,4;1
data/leaf_n20_experiment3/leaf_n20_reticulation_r1/20_0.1_37_binary_adj.csv,40,40,1,1,1,6;1
data/leaf_n20_experiment3/leaf_n20_reticulation_r1/20_0.05_81_binary_adj.csv,40,40,1,1,1,6;1
data/leaf_n20_experiment3/leaf_n20_reticulation_r1/20_0.05_140_binary_adj.csv,40,40,1,1,1,7;1
data/leaf_n20_experiment3/leaf_n20_reticulation_r1/20_0.05_132_binary_adj.csv,40,40,1,1,1,6;1
data/leaf_n20_experiment3/leaf_n20_reticulation_r1/20_0.05_75_binary_adj.csv,40,40,1,1,1,5;1
data/leaf_n20_experiment3/leaf_n20_reticulation_r1/20_0.05_108_binary_adj.csv,40,40,1,1,1,3;1
data/leaf_n20_experiment3/leaf_n20_reticulation_r1/20_0.1_181_binary_adj.csv,40,40,1,1,1,6;1
data/leaf_n20_experiment3/leaf_n20_reticulation_r1/20_0.15_147_binary_adj.csv,40,40,1,1,1,5;1
data/leaf_n20_experiment3/leaf_n20_reticulation_r1/20_0.1_197_binary_adj.csv,40,40,1,1,1,7;1
data/leaf_n20_experiment3/leaf_n20_reticulation_r1/20_0.1_146_binary_adj.csv,40,40,1,1,1,8;1
data/leaf_n20_experiment3/leaf_n20_reticulation_r1/20_0.05_40_binary_adj.csv,40,40,1,1,1,4;1
data/leaf_n20_experiment3/leaf_n20_reticulation_r1/20_0.1_35_binary_adj.csv,40,40,1,1,1,4;1
data/leaf_n20_experiment3/leaf_n20_reticulation_r1/20_0.05_146_binary_adj.csv,40,40,1,1,1,3;1
data/leaf_n20_experiment3/leaf_n20_reticulation_r1/20_0.1_196_binary_adj.csv,40,40,1,1,1,3;1
data/leaf_n20_experiment3/leaf_n20_reticulation_r1/20_0.15_190_binary_adj.csv,40,40,1,1,1,4;1
data/leaf_n20_experiment3/leaf_n20_reticulation_r1/20_0.05_62_binary_adj.csv,40,40,1,1,1,8;1
data/leaf_n20_experiment3/leaf_n20_reticulation_r1/20_0.1_57_binary_adj.csv,40,40,1,1,1,8;1
data/leaf_n20_experiment3/leaf_n20_reticulation_r1/20_0.05_128_binary_adj.csv,40,40,1,1,1,4;1
data/leaf_n20_experiment3/leaf_n20_reticulation_r1/20_0.1_132_binary_adj.csv,40,40,1,1,1,7;1
data/leaf_n20_experiment3/leaf_n20_reticulation_r1/20_0.1_97_binary_adj.csv,40,40,1,1,1,8;1
data/leaf_n20_experiment3/leaf_n20_reticulation_r1/20_0.05_61_binary_adj.csv,40,40,1,1,1,10;1
data/leaf_n20_experiment3/leaf_n20_reticulation_r1/20_0.05_59_binary_adj.csv,40,40,1,1,1,6;1
data/leaf_n20_experiment3/leaf_n20_reticulation_r1/20_0.1_157_binary_adj.csv,40,40,1,1,1,7;1
data/leaf_n20_experiment3/leaf_n20_reticulation_r1/20_0.1_160_binary_adj.csv,40,40,1,1,1,5;1
data/leaf_n20_experiment3/leaf_n20_reticulation_r1/20_0.1_159_binary_adj.csv,40,40,1,1,1,8;1
data/leaf_n20_experiment3/leaf_n20_reticulation_r1/20_0.05_41_binary_adj.csv,40,40,1,1,1,4;1
data/leaf_n20_experiment3/leaf_n20_reticulation_r1/20_0.1_198_binary_adj.csv,40,40,1,1,1,3;1
data/leaf_n20_experiment3/leaf_n20_reticulation_r1/20_0.15_70_binary_adj.csv,40,40,1,1,1,6;1
data/leaf_n20_experiment3/leaf_n20_reticulation_r1/20_0.05_139_binary_adj.csv,40,40,1,1,1,11;1
data/leaf_n20_experiment3/leaf_n20_reticulation_r1/20_0.05_102_binary_adj.csv,40,40,1,1,1,5;1
data/leaf_n20_experiment3/leaf_n20_reticulation_r1/20_0.05_148_binary_adj.csv,40,40,1,1,1,6;1
data/leaf_n20_experiment3/leaf_n20_reticulation_r1/20_0.1_45_binary_adj.csv,40,40,1,1,1,4;1
data/leaf_n20_experiment3/leaf_n20_reticulation_r1/20_0.1_48_binary_adj.csv,40,40,1,1,1,7;1
data/leaf_n20_experiment3/leaf_n20_reticulation_r1/20_0.05_76_binary_adj.csv,40,40,1,1,1,4;1
data/leaf_n20_experiment3/leaf_n20_reticulation_r1/20_0.05_182_binary_adj.csv,40,40,1,1,1,9;1
data/leaf_n20_experiment3/leaf_n20_reticulation_r1/20_0.05_106_binary_adj.csv,40,40,1,1,1,7;1
data/leaf_n20_experiment3/leaf_n20_reticulation_r1/20_0.1_69_binary_adj.csv,40,40,1,1,1,3;1
data/leaf_n20_experiment3/leaf_n20_reticulation_r1/20_0.05_103_binary_adj.csv,40,40,1,1,1,7;1
data/leaf_n20_experiment3/leaf_n20_reticulation_r1/20_0.15_57_binary_adj.csv,40,40,1,1,1,3;1
data/leaf_n20_experiment3/leaf_n20_reticulation_r1/20_0.1_177_binary_adj.csv,40,40,1,1,1,9;1
data/leaf_n20_experiment3/leaf_n20_reticulation_r1/20_0.1_3_binary_adj.csv,40,40,1,1,1,4;1
data/leaf_n20_experiment3/leaf_n20_reticulation_r1/20_0.05_56_binary_adj.csv,40,40,1,1,1,5;1
data/leaf_n20_experiment3/leaf_n20_reticulation_r1/20_0.15_120_binary_adj.csv,40,40,1,1,1,8;1
data/leaf_n20_experiment3/leaf_n20_reticulation_r1/20_0.05_91_binary_adj.csv,40,40,1,1,1,6;1
data/leaf_n20_experiment3/leaf_n20_reticulation_r1/20_0.05_154_binary_adj.csv,40,40,1,1,1,3;1
data/leaf_n20_experiment3/leaf_n20_reticulation_r1/20_0.1_154_binary_adj.csv,40,40,1,1,1,11;1
data/leaf_n20_experiment3/leaf_n20_reticulation_r1/20_0.05_74_binary_adj.csv,40,40,1,1,1,3;1
data/leaf_n20_experiment3/leaf_n20_reticulation_r1/20_0.05_101_binary_adj.csv,40,40,1,1,1,8;1
data/leaf_n20_experiment3/leaf_n20_reticulation_r1/20_0.1_87_binary_adj.csv,40,40,1,1,1,8;1
data/leaf_n20_experiment3/leaf_n20_reticulation_r1/20_0.1_43_binary_adj.csv,40,40,1,1,1,5;1
data/leaf_n20_experiment3/leaf_n20_reticulation_r1/20_0.05_15_binary_adj.csv,40,40,1,1,1,5;1
data/leaf_n20_experiment3/leaf_n20_reticulation_r1/20_0.1_76_binary_adj.csv,40,40,1,1,1,7;1
data/leaf_n20_experiment3/leaf_n20_reticulation_r1/20_0.1_161_binary_adj.csv,40,40,1,1,1,8;1
data/leaf_n20_experiment3/leaf_n20_reticulation_r1/20_0.1_79_binary_adj.csv,40,40,1,1,1,5;1
data/leaf_n20_experiment3/leaf_n20_reticulation_r1/20_0.05_43_binary_adj.csv,40,40,1,1,1,5;1
data/leaf_n20_experiment3/leaf_n20_reticulation_r1/20_0.05_36_binary_adj.csv,40,40,1,1,1,7;1
data/leaf_n20_experiment3/leaf_n20_reticulation_r1/20_0.1_140_binary_adj.csv,40,40,1,1,1,3;1
data/leaf_n20_experiment3/leaf_n20_reticulation_r1/20_0.1_64_binary_adj.csv,40,40,1,1,1,5;1
data/leaf_n20_experiment3/leaf_n20_reticulation_r1/20_0.05_2_binary_adj.csv,40,40,1,1,1,7;1
data/leaf_n20_experiment3/leaf_n20_reticulation_r1/20_0.1_163_binary_adj.csv,40,40,1,1,1,4;1
data/leaf_n20_experiment3/leaf_n20_reticulation_r1/20_0.1_135_binary_adj.csv,40,40,1,1,1,5;1
data/leaf_n20_experiment3/leaf_n20_reticulation_r1/20_0.15_193_binary_adj.csv,40,40,1,1,1,7;1
data/leaf_n20_experiment3/leaf_n20_reticulation_r1/20_0.05_142_binary_adj.csv,40,40,1,1,1,6;1
data/leaf_n20_experiment3/leaf_n20_reticulation_r1/20_0.1_119_binary_adj.csv,40,40,1,1,1,8;1
data/leaf_n20_experiment3/leaf_n20_reticulation_r1/20_0.1_47_binary_adj.csv,40,40,1,1,1,6;1
data/leaf_n20_experiment3/leaf_n20_reticulation_r1/20_0.05_129_binary_adj.csv,40,40,1,1,1,9;1
data/leaf_n20_experiment3/leaf_n20_reticulation_r1/20_0.05_60_binary_adj.csv,40,40,1,1,1,5;1
data/leaf_n20_experiment3/leaf_n20_reticulation_r1/20_0.05_38_binary_adj.csv,40,40,1,1,1,4;1
data/leaf_n20_experiment3/leaf_n20_reticulation_r1/20_0.1_148_binary_adj.csv,40,40,1,1,1,7;1
data/leaf_n20_experiment3/leaf_n20_reticulation_r1/20_0.1_9_binary_adj.csv,40,40,1,1,1,5;1
data/leaf_n20_experiment3/leaf_n20_reticulation_r1/20_0.05_64_binary_adj.csv,40,40,1,1,1,7;1
data/leaf_n20_experiment3/leaf_n20_reticulation_r1/20_0.15_80_binary_adj.csv,40,40,1,1,1,7;1
data/leaf_n20_experiment3/leaf_n20_reticulation_r1/20_0.05_135_binary_adj.csv,40,40,1,1,1,3;1
data/leaf_n20_experiment3/leaf_n20_reticulation_r1/20_0.05_117_binary_adj.csv,40,40,1,1,1,9;1
data/leaf_n20_experiment3/leaf_n20_reticulation_r1/20_0.05_164_binary_adj.csv,40,40,1,1,1,6;1
data/leaf_n20_experiment3/leaf_n20_reticulation_r1/20_0.05_16_binary_adj.csv,40,40,1,1,1,8;1
data/leaf_n20_experiment3/leaf_n20_reticulation_r1/20_0.05_79_binary_adj.csv,40,40,1,1,1,6;1
data/leaf_n20_experiment3/leaf_n20_reticulation_r1/20_0.05_138_binary_adj.csv,40,40,1,1,1,7;1
data/leaf_n20_experiment3/leaf_n20_reticulation_r1/20_0.1_200_binary_adj.csv,40,40,1,1,1,7;1
data/leaf_n20_experiment3/leaf_n20_reticulation_r1/20_0.15_165_binary_adj.csv,40,40,1,1,1,4;1
data/leaf_n20_experiment3/leaf_n20_reticulation_r1/20_0.05_122_binary_adj.csv,40,40,1,1,1,9;1
data/leaf_n20_experiment3/leaf_n20_reticulation_r1/20_0.1_94_binary_adj.csv,40,40,1,1,1,7;1
data/leaf_n20_experiment3/leaf_n20_reticulation_r1/20_0.1_185_binary_adj.csv,40,40,1,1,1,5;1
data/leaf_n20_experiment3/leaf_n20_reticulation_r1/20_0.05_150_binary_adj.csv,40,40,1,1,1,6;1
data/leaf_n20_experiment3/leaf_n20_reticulation_r1/20_0.05_127_binary_adj.csv,40,40,1,1,1,7;1
data/leaf_n20_experiment3/leaf_n20_reticulation_r1/20_0.05_163_binary_adj.csv,40,40,1,1,1,8;1
data/leaf_n20_experiment3/leaf_n20_reticulation_r1/20_0.1_149_binary_adj.csv,40,40,1,1,1,9;1
data/leaf_n20_experiment3/leaf_n20_reticulation_r1/20_0.05_95_binary_adj.csv,40,40,1,1,1,6;1
data/leaf_n20_experiment3/leaf_n20_reticulation_r1/20_0.05_53_binary_adj.csv,40,40,1,1,1,7;1
data/leaf_n20_experiment3/leaf_n20_reticulation_r1/20_0.05_9_binary_adj.csv,40,40,1,1,1,7;1
data/leaf_n20_experiment3/leaf_n20_reticulation_r1/20_0.05_120_binary_adj.csv,40,40,1,1,1,5;1
data/leaf_n20_experiment3/leaf_n20_reticulation_r1/20_0.1_183_binary_adj.csv,40,40,1,1,1,6;1
data/leaf_n20_experiment3/leaf_n20_reticulation_r1/20_0.1_82_binary_adj.csv,40,40,1,1,1,4;1
data/leaf_n20_experiment3/leaf_n20_reticulation_r1/20_0.15_97_binary_adj.csv,40,40,1,1,1,10;1
data/leaf_n20_experiment3/leaf_n20_reticulation_r1/20_0.05_52_binary_adj.csv,40,40,1,1,1,5;1
data/leaf_n20_experiment3/leaf_n20_reticulation_r1/20_0.05_175_binary_adj.csv,40,40,1,1,1,3;1
data/leaf_n20_experiment3/leaf_n20_reticulation_r1/20_0.1_164_binary_adj.csv,40,40,1,1,1,3;1
data/leaf_n20_experiment3/leaf_n20_reticulation_r1/20_0.1_49_binary_adj.csv,40,40,1,1,1,6;1
data/leaf_n20_experiment3/leaf_n20_reticulation_r1/20_0.15_142_binary_adj.csv,40,40,1,1,1,6;1
data/leaf_n20_experiment3/leaf_n20_reticulation_r1/20_0.1_112_binary_adj.csv,40,40,1,1,1,7;1
data/leaf_n20_experiment3/leaf_n20_reticulation_r1/20_0.05_157_binary_adj.csv,40,40,1,1,1,7;1
data/leaf_n20_experiment3/leaf_n20_reticulation_r1/20_0.05_187_binary_adj.csv,40,40,1,1,1,7;1
data/leaf_n20_experiment3/leaf_n20_reticulation_r1/20_0.1_95_binary_adj.csv,40,40,1,1,1,4;1
data/leaf_n20_experiment3/leaf_n20_reticulation_r1/20_0.05_111_binary_adj.csv,40,40,1,1,1,5;1
data/leaf_n20_experiment3/leaf_n20_reticulation_r1/20_0.1_93_binary_adj.csv,40,40,1,1,1,5;1
data/leaf_n20_experiment3/leaf_n20_reticulation_r1/20_0.05_100_binary_adj.csv,40,40,1,1,1,3;1
data/leaf_n20_experiment3/leaf_n20_reticulation_r1/20_0.05_176_binary_adj.csv,40,40,1,1,1,4;1
data/leaf_n20_experiment3/leaf_n20_reticulation_r1/20_0.05_23_binary_adj.csv,40,40,1,1,1,5;1
data/leaf_n20_experiment3/leaf_n20_reticulation_r1/20_0.05_161_binary_adj.csv,40,40,1,1,1,4;1
data/leaf_n20_experiment3/leaf_n20_reticulation_r1/20_0.15_62_binary_adj.csv,40,40,1,1,1,3;1
data/leaf_n20_experiment3/leaf_n20_reticulation_r1/20_0.15_119_binary_adj.csv,40,40,1,1,1,8;1
data/leaf_n20_experiment3/leaf_n20_reticulation_r1/20_0.1_28_binary_adj.csv,40,40,1,1,1,7;1
data/leaf_n20_experiment3/leaf_n20_reticulation_r1/20_0.05_112_binary_adj.csv,40,40,1,1,1,7;1
data/leaf_n20_experiment3/leaf_n20_reticulation_r1/20_0.05_162_binary_adj.csv,40,40,1,1,1,6;1
data/leaf_n20_experiment3/leaf_n20_reticulation_r1/20_0.1_50_binary_adj.csv,40,40,1,1,1,4;1
data/leaf_n20_experiment3/leaf_n20_reticulation_r1/20_0.05_104_binary_adj.csv,40,40,1,1,1,9;1
data/leaf_n20_experiment3/leaf_n20_reticulation_r1/20_0.05_48_binary_adj.csv,40,40,1,1,1,6;1
data/leaf_n20_experiment3/leaf_n20_reticulation_r1/20_0.05_32_binary_adj.csv,40,40,1,1,1,4;1
data/leaf_n20_experiment3/leaf_n20_reticulation_r1/20_0.1_111_binary_adj.csv,40,40,1,1,1,7;1
data/leaf_n20_experiment3/leaf_n20_reticulation_r1/20_0.05_80_binary_adj.csv,40,40,1,1,1,5;1
data/leaf_n20_experiment3/leaf_n20_reticulation_r1/20_0.1_127_binary_adj.csv,40,40,1,1,1,7;1
data/leaf_n20_experiment3/leaf_n20_reticulation_r1/20_0.1_195_binary_adj.csv,40,40,1,1,1,6;1
data/leaf_n20_experiment3/leaf_n20_reticulation_r1/20_0.05_50_binary_adj.csv,40,40,1,1,1,3;1
data/leaf_n20_experiment3/leaf_n20_reticulation_r1/20_0.05_58_binary_adj.csv,40,40,1,1,1,8;1
data/leaf_n20_experiment3/leaf_n20_reticulation_r1/20_0.05_153_binary_adj.csv,40,40,1,1,1,3;1
data/leaf_n20_experiment3/leaf_n20_reticulation_r1/20_0.05_47_binary_adj.csv,40,40,1,1,1,4;1
data/leaf_n20_experiment3/leaf_n20_reticulation_r1/20_0.05_57_binary_adj.csv,40,40,1,1,1,10;1
data/leaf_n20_experiment3/leaf_n20_reticulation_r1/20_0.1_59_binary_adj.csv,40,40,1,1,1,7;1
data/leaf_n20_experiment3/leaf_n20_reticulation_r1/20_0.05_20_binary_adj.csv,40,40,1,1,1,3;1
data/leaf_n20_experiment3/leaf_n20_reticulation_r1/20_0.15_171_binary_adj.csv,40,40,1,1,1,7;1
data/leaf_n20_experiment3/leaf_n20_reticulation_r1/20_0.05_125_binary_adj.csv,40,40,1,1,1,4;1
data/leaf_n20_experiment3/leaf_n20_reticulation_r1/20_0.05_19_binary_adj.csv,40,40,1,1,1,5;1
data/leaf_n20_experiment3/leaf_n20_reticulation_r1/20_0.15_101_binary_adj.csv,40,40,1,1,1,6;1
data/leaf_n20_experiment3/leaf_n20_reticulation_r1/20_0.15_33_binary_adj.csv,40,40,1,1,1,8;1
data/leaf_n20_experiment3/leaf_n20_reticulation_r1/20_0.05_183_binary_adj.csv,40,40,1,1,1,7;1
data/leaf_n20_experiment3/leaf_n20_reticulation_r1/20_0.1_17_binary_adj.csv,40,40,1,1,1,4;1
data/leaf_n20_experiment3/leaf_n20_reticulation_r1/20_0.1_99_binary_adj.csv,40,40,1,1,1,6;1
data/leaf_n20_experiment3/leaf_n20_reticulation_r1/20_0.1_137_binary_adj.csv,40,40,1,1,1,3;1
data/leaf_n20_experiment3/leaf_n20_reticulation_r1/20_0.1_96_binary_adj.csv,40,40,1,1,1,3;1
data/leaf_n20_experiment3/leaf_n20_reticulation_r1/20_0.15_19_binary_adj.csv,40,40,1,1,1,6;1
data/leaf_n20_experiment3/leaf_n20_reticulation_r10/20_0.15_132_binary_adj.csv,58,67,10,10,1,28;10
data/leaf_n20_experiment3/leaf_n20_reticulation_r5/20_0.15_159_binary_adj.csv,48,52,5,5,1,15;5
data/leaf_n20_experiment3/leaf_n20_reticulation_r5/20_0.15_144_binary_adj.csv,48,52,5,5,1,24;5
data/leaf_n20_experiment3/leaf_n20_reticulation_r5/20_0.15_90_binary_adj.csv,48,52,5,5,1,20;5
data/leaf_n20_experiment3/leaf_n20_reticulation_r5/20_0.15_37_binary_adj.csv,48,52,5,5,1,16;5
data/leaf_n20_experiment3/leaf_n20_reticulation_r5/20_0.15_187_binary_adj.csv,48,52,5,5,1,17;5
data/leaf_n20_experiment3/leaf_n20_reticulation_r5/20_0.1_142_binary_adj.csv,48,52,5,4,2,3;1|16;4
data/leaf_n20_experiment3/leaf_n20_reticulation_r5/20_0.15_184_binary_adj.csv,48,52,5,5,1,16;5
data/leaf_n20_experiment3/leaf_n20_reticulation_r5/20_0.15_146_binary_adj.csv,48,52,5,5,1,19;5
data/leaf_n20_experiment3/leaf_n20_reticulation_r5/20_0.1_179_binary_adj.csv,48,52,5,5,1,17;5
data/leaf_n20_experiment3/leaf_n20_reticulation_r5/20_0.15_100_binary_adj.csv,48,52,5,5,1,17;5
data/leaf_n20_experiment3/leaf_n20_reticulation_r5/20_0.1_109_binary_adj.csv,48,52,5,5,1,24;5
data/leaf_n20_experiment3/leaf_n20_reticulation_r5/20_0.1_8_binary_adj.csv,48,52,5,5,1,17;5
data/leaf_n20_experiment3/leaf_n20_reticulation_r5/20_0.15_170_binary_adj.csv,48,52,5,5,1,16;5
data/leaf_n20_experiment3/leaf_n20_reticulation_r5/20_0.15_102_binary_adj.csv,48,52,5,5,1,18;5
data/leaf_n20_experiment3/leaf_n20_reticulation_r5/20_0.15_124_binary_adj.csv,48,52,5,3,2,11;3|7;2
data/leaf_n20_experiment3/leaf_n20_reticulation_r5/20_0.15_179_binary_adj.csv,48,52,5,4,2,6;1|10;4
data/leaf_n20_experiment3/leaf_n20_reticulation_r5/20_0.15_92_binary_adj.csv,48,52,5,5,1,18;5
data/leaf_n20_experiment3/leaf_n20_reticulation_r5/20_0.15_26_binary_adj.csv,48,52,5,4,2,3;1|15;4
data/leaf_n20_experiment3/leaf_n20_reticulation_r5/20_0.15_32_binary_adj.csv,48,52,5,4,2,3;1|13;4
data/leaf_n20_experiment3/leaf_n20_reticulation_r5/20_0.1_54_binary_adj.csv,48,52,5,5,1,17;5
data/leaf_n20_experiment3/leaf_n20_reticulation_r5/20_0.15_140_binary_adj.csv,48,52,5,5,1,14;5
data/leaf_n20_experiment3/leaf_n20_reticulation_r5/20_0.15_11_binary_adj.csv,48,52,5,5,1,19;5
data/leaf_n20_experiment3/leaf_n20_reticulation_r5/20_0.15_30_binary_adj.csv,48,52,5,4,2,9;4|5;1
